time_s,a_km,e,inc_rad,raan_rad,ome_rad,f_rad,q1,q2,q3,q4
0,6787.74021640491,0.00059341411770597,1.69349768246445,6.28035428885208,6.28197757392514,0,0,0,0,1
1,6787.74021523864,0.000593415235644688,1.69349766874849,6.280354288861,6.28470400566901,-0.00159612432221657,0.0429936254975815,0.0274074136096237,0.0433320020760698,0.997758848340562
2,6787.74016484701,0.000593411685160817,1.69349765547152,6.28035428885452,6.28743047536867,-0.00319228660184695,0.0844439994996008,0.0570925479016013,0.0860019427191181,0.991066757474567
3,6787.7400652357,0.000593403467213233,1.69349764263357,6.28035428883363,6.29015701617386,-0.00478851999016965,0.123978763815117,0.0887686940928816,0.127926848195157,0.979991891080112
4,6787.73991641151,0.000593390582970464,1.69349763023439,6.28035428879934,6.29288366110961,-0.00638485751377147,0.161259868556675,0.122124951094238,0.169031766750681,0.964628950914525
5,6787.73971837918,0.000593373033338143,1.69349761827401,6.28035428875264,6.29561044286796,-0.00798133186623893,0.195986301209232,0.156830840580348,0.209248980042463,0.945096990542439
6,6787.73947114335,0.000593350819250555,1.69349760675199,6.28035428869453,6.2983373942014,-0.00957797580163172,0.227896051058045,0.192540928314296,0.248517124187453,0.921537096280782
7,6787.73917470592,0.000593323941283735,1.69349759566786,6.280354288626,6.30106454795704,-0.0111748221686042,0.256767349434532,0.228899359244632,0.286780251894934,0.894110003704712
8,6787.73882906644,0.000593292399705027,1.69349758502176,6.28035428854807,6.30379193684239,-0.0127719036762147,0.282419242546622,0.265544229621829,0.32398686534597,0.862993710659141
9,6787.73843422524,0.000593256194944049,1.6934975748138,6.28035428846171,6.30651959358197,-0.0143692530505329,0.30471156512147,0.302111735858838,0.360088946910074,0.828381138999904
10,6787.7379901833,0.000593215327567195,1.69349756504408,6.28035428836794,6.30924755092997,-0.0159669030473143,0.323544389961362,0.338240056318983,0.39504101172327,0.790477887788467
11,6787.73749694209,0.000593169798252196,1.69349755571267,6.28035428826774,6.31197584169503,-0.0175648864767463,0.338857031221468,0.373572937698566,0.428799202837038,0.749500110912171
12,6787.73695450339,0.000593119607773203,1.69349754681967,6.28035428816213,6.31470449877375,-0.0191632362369769,0.350626678195898,0.407762971775057,0.461320446340605,0.705672542454777
13,6787.73636286936,0.000593064756999629,1.69349753836513,6.2803542880521,6.31743355518208,-0.0207619853455156,0.35886673240896,0.440474560306447,0.49256168057285,0.659226684020154
14,6787.73572204258,0.000593005246907413,1.69349753034916,6.28035428793864,6.32016304407613,-0.0223611669600204,0.363624914541295,0.471386575462471,0.52247917047062,0.610399159913358
15,6787.73503202824,0.000592941078908771,1.69349752277141,6.28035428782276,6.32289299882337,-0.0239608144495176,0.364981199775328,0.500194730526867,0.551027915182963,0.559430238772302
16,6787.73429283376,0.000592872254781652,1.69349751563124,6.28035428770544,6.32562345258875,-0.0255609609805028,0.363045631322895,0.526613680358484,0.578161154380746,0.506562514209033
17,6787.73350446433,0.000592798776012651,1.6934975089286,6.28035428758767,6.32835443817067,-0.0271616393529374,0.357956052765389,0.550378873652378,0.603829976166706,0.452039732333648
18,6787.73266692479,0.000592720644082097,1.69349750266337,6.28035428747046,6.33108598829129,-0.0287628822905237,0.34987579095809,0.571248179599274,0.627983027158279,0.396105750787704
19,6787.7317802196,0.000592637860452789,1.69349749683539,6.28035428735478,6.33381813567564,-0.030364722519847,0.338991313155071,0.589003310471104,0.65056632315866,0.339003612121321
20,6787.73084435292,0.000592550426587484,1.6934974914444,6.28035428724165,6.33655091314625,-0.0319671928649885,0.325509874741306,0.603451059496405,0.67152315700849,0.280974713879945
21,6787.72985932891,0.000592458343992566,1.69349748649008,6.28035428713203,6.33928435371685,-0.0335703263412431,0.309657168158399,0.614424370427676,0.690794098586239,0.222258058551541
22,6787.72882515209,0.000592361614277982,1.69349748197207,6.28035428702692,6.34201849066435,-0.0351741562270593,0.291674978715702,0.62178325219667,0.708317080705992,0.163089568210442
23,6787.72774182778,0.000592260239220778,1.69349747789007,6.28035428692732,6.34475335756691,-0.0367787161021509,0.271818850555253,0.625415548466674,0.724027563834649,0.103701451419993
24,6787.72660936243,0.00059215422081697,1.69349747424383,6.28035428683419,6.34748898829721,-0.0383840398407487,0.250355762551201,0.62523756973337,0.737858772541613,0.0443216125011294
25,6787.72542776384,0.000592043561308703,1.69349747103328,6.28035428674853,6.35022541697029,-0.0399901615594447,0.227561813961809,0.621194593125823,0.749741996445195,-0.0148269033863013
26,6787.72419704105,0.000591928263178009,1.69349746825855,6.28035428667135,6.35296267785385,-0.0415971155274919,0.203719918982153,0.613261233381539,0.759606949587632,-0.0735264332021639
27,6787.72291720415,0.000591808329104377,1.69349746591999,6.28035428660364,6.3557008052546,-0.0432049360531519,0.179117508362565,0.601441687866431,0.767382183408607,-0.131565188714207
28,6787.72158826374,0.000591683761890348,1.69349746401819,6.28035428654642,6.35843983339929,-0.0448136573647145,0.154044238391182,0.585769857429652,0.772995550024793,-0.188737718506908
29,6787.72021023032,0.000591554564365795,1.69349746255396,6.2803542865007,6.36117979633024,-0.0464233135060387,0.128789706180025,0.566309344850885,0.776374714796586,-0.244845338410076
30,6787.71878311364,0.000591420739286165,1.69349746152824,6.28035428646752,6.36392072783313,-0.0480339382643651,0.103641170898245,0.543153331872825,0.777447719285636,-0.299696529088765
31,6787.71730692317,0.000591282289404921,1.69349746094166,6.28035428644789,6.36666266144208,-0.0496455651753516,0.078881281696006,0.516424335209177,0.776143597552294,-0.35310730009494
32,6787.71578166507,0.000591139217013917,1.69349746079464,6.28035428644284,6.36940563021784,-0.0512582273012902,0.0547858110859752,0.486273840398725,0.77239305098092,-0.404901521167694
33,6787.71420734137,0.00059099152383174,1.69349746108782,6.28035428645338,6.37214966697916,-0.0528719574624771,0.0316213945805124,0.452881810276148,0.766129188017581,-0.454911222760337
34,6787.71258395288,0.000590839211435085,1.69349746182163,6.28035428648053,6.37489480463443,-0.0544867885688428,0.00964327645673518,0.416456062459947,0.757288335849754,-0.502976869891097
35,6787.71091149994,0.000590682281380324,1.69349746299622,6.28035428652532,6.37764107630622,-0.0561027537445029,-0.0109069380443449,0.377231505873457,0.745810931747981,-0.548947614772256
36,6787.70918998331,0.000590520735335579,1.69349746461156,6.28035428658873,6.380388515425,-0.0577198864214839,-0.0298035211080289,0.335469223472037,0.731642500232904,-0.592681535131286
37,6787.70741940514,0.000590354575225002,1.69349746666738,6.28035428667178,6.38313715578674,-0.0593382203972973,-0.046838848114579,0.291455383168125,0.714734721276005,-0.634045865953034
38,6787.70559976974,0.000590183803349699,1.69349746916326,6.28035428677543,6.38588703155358,-0.0609577898356311,-0.0618256031721489,0.245499955141378,0.695046592026067,-0.672917232452053
39,6787.70373108363,0.000590008422389113,1.6934974720988,6.28035428690069,6.38863817718511,-0.0625786291976326,-0.0745989529879245,0.197935210343464,0.672545681138204,-0.70918189169052
40,6787.70181335579,0.000589828435441182,1.69349747547362,6.28035428704854,6.39139062737295,-0.064200773176457,-0.0850186728977488,0.149113971939335,0.647209470910608,-0.742735989026243
41,6787.69984659748,0.000589643845989193,1.69349747928739,6.28035428721996,6.39414441694762,-0.0658242566041977,-0.0929712023069104,0.099407590355928,0.619026777626473,-0.773485833808623
42,6787.69783082174,0.00058945465782734,1.69349748353988,6.28035428741595,6.39689958078755,-0.067449114360806,-0.098371600226613,0.0492036128906703,0.587999235310297,-0.801348196492552
43,6787.69576604272,0.00058926087496119,1.69349748823095,6.2803542876375,6.39965615374852,-0.0690753813036242,-0.10116536428589,-0.00109687858325471,0.554142822432303,-0.826250626791313
44,6787.69365227503,0.000589062501501859,1.69349749336051,6.28035428788561,6.40241417062695,-0.0707030922306157,-0.101330069426392,-0.0510822835854672,0.517489405251409,-0.848131789751027
45,6787.69148953303,0.00058885954157273,1.69349749892851,6.28035428816128,6.40517366616115,-0.0723322818816407,-0.098876775705988,-0.100333867247447,0.478088265536191,-0.866941813887043
46,6787.68927783046,0.000588651999244499,1.6934975049349,6.28035428846551,6.40793467506752,-0.0739629849746372,-0.0938511488377195,-0.148429517753696,0.436007574588683,-0.882642642875665
47,6787.68701718021,0.00058843987850792,1.69349751137957,6.2803542887993,6.41069723210015,-0.0755952362652419,-0.0863342328295095,-0.194947869964272,0.391335770009587,-0.895208379847473
48,6787.68470759436,0.000588223183285989,1.69349751826237,6.28035428916363,6.41346137211882,-0.0772290706147787,-0.0764428117968292,-0.239472773963625,0.344182786836324,-0.904625611123377
49,6787.68234908487,0.000588001917532282,1.69349752558299,6.2803542895595,6.41622713016556,-0.0788645230668211,-0.064329298405629,-0.281598071269107,0.294681090836328,-0.910893694306679
50,6787.67994166336,0.000587776085206854,1.69349753334113,6.28035428998789,6.41899454146699,-0.0805016288495382,-0.0501810898006292,-0.32093262393697,0.242986459274514,-0.914024994039324
51,6787.67748534074,0.000587545690210731,1.69349754153678,6.28035429044979,6.42176364137264,-0.082140423314003,-0.0342193387007753,-0.357105523556003,0.189278453859219,-0.914045047472682
52,6787.67498012969,0.000587310736766753,1.69349755016963,6.2803542909462,6.42453446546074,-0.083780942039992,-0.016697097923099,-0.389771388836145,0.133760532235442,-0.910992640684753
53,6787.67242604412,0.000587071229328696,1.69349755923935,6.28035429147809,6.42730704942332,-0.0854232207210724,0.00210318911467803,-0.418615643203393,0.0766597487967101,-0.904919776983232
54,6787.66982309855,0.000586827172484969,1.69349756874573,6.28035429204645,6.43008142897194,-0.0870672950703438,0.0218728612667026,-0.44335964833464,0.0182260031256757,-0.895891518532603
55,6787.66717130831,0.000586578570990022,1.69349757868858,6.28035429265226,6.43285763980987,-0.0887132007926303,0.0422808641114395,-0.463765557683374,-0.0412691948483153,-0.883985684043125
56,6787.66447068929,0.000586325429727886,1.69349758906775,6.28035429329652,6.43563571761358,-0.0903609735659398,0.0629781903603719,-0.479640746451326,-0.101534459857829,-0.869292387717692
57,6787.66172125772,0.000586067753670335,1.69349759988303,6.28035429398022,6.43841569805592,-0.0920106490646509,0.0836028751477429,-0.49084167270353,-0.162260766449894,-0.851913408320191
58,6787.65892302988,0.00058580554784819,1.69349761113418,6.28035429470433,6.44119761686745,-0.0936622630208774,0.1037854596013,-0.497277029168187,-0.223124164782128,-0.831961382353344
59,6787.65607602204,0.000585538817342186,1.69349762282091,6.28035429546984,6.44398150992632,-0.0953158513143089,0.123154812283797,-0.498910057928608,-0.283788937279862,-0.809558821449425
60,6787.6531802505,0.000585267567293294,1.6934976349429,6.28035429627773,6.44676741335586,-0.096971450069821,0.141344176445876,-0.495759920151447,-0.343911135778191,-0.784836961441052
61,6787.65023573194,0.000584991802965229,1.69349764749975,6.28035429712896,6.44955536361863,-0.0986290957515069,0.157997294804643,-0.487902040228828,-0.40314241932689,-0.757934458719369
62,6787.64724248351,0.000584711529759411,1.69349766049087,6.28035429802449,6.45234539759915,-0.100288825245424,0.172774453764052,-0.475467377124814,-0.461134096901321,-0.728995957527603
63,6787.64420052095,0.000584426752936989,1.69349767391607,6.2803542989653,6.45513755253005,-0.101950675785746,0.185358285517152,-0.458640613570652,-0.517541267280543,-0.698170559559287
64,6787.64110986031,0.000584137477874112,1.69349768777541,6.2803542999524,6.45793186598172,-0.10361468494441,0.195459171673841,-0.437657293717038,-0.572026941508381,-0.665610234035972
65,6787.63797051789,0.000583843710047644,1.69349770206915,6.28035430098679,6.46072837576359,-0.105280890532348,0.202820105225066,-0.412799979260893,-0.624266033207771,-0.631468211251947
66,6787.63478250983,0.00058354545496767,1.69349771679783,6.28035430206953,6.46352711980074,-0.106949330476204,0.207220887238445,-0.384393530705675,-0.673949107760619,-0.595897405257316
67,6787.63154585164,0.000583242718097948,1.69349773196216,6.28035430320165,6.46632813601772,-0.108620042702042,0.208481560673509,-0.352799651360939,-0.720785792932061,-0.559048911604376
68,6787.62826055774,0.000582935504784976,1.693497747563,6.28035430438422,6.4691314622546,-0.110293065051448,0.206465013695081,-0.318410855191605,-0.764507770114763,-0.521070623668418
69,6787.62492664185,0.000582623820311872,1.69349776360104,6.2803543056183,6.47193713622801,-0.111968435242583,0.201078716717317,-0.281644034104748,-0.804871285783525,-0.482106006037776
70,6787.62154411658,0.000582307669820437,1.69349778007652,6.28035430690492,6.4747451953226,-0.113646190661638,0.192275589058042,-0.242933805773132,-0.841659144799039,-0.442293056514699
71,6787.61811299121,0.000581987057990046,1.69349779698984,6.28035430824511,6.47755567674173,-0.115326368513493,0.180054020696895,-0.202725819226106,-0.874682169868113,-0.401763479630485
72,6787.61463327504,0.000581661989560595,1.69349781434114,6.28035430963988,6.48036861787639,-0.117009006190672,0.164457100515915,-0.161470183557076,-0.903780132738235,-0.360642085147588
73,6787.61110497857,0.000581332469509477,1.69349783213032,6.28035431109025,6.4831840564116,-0.118694141379723,0.145571123283915,-0.119615166708322,-0.928822181494607,-0.319046415311
74,6787.60752811434,0.000580998503187149,1.69349785035705,6.28035431259718,6.48600203038459,-0.120381812119407,0.123523462958053,-0.0776012880358924,-0.949706803615175,-0.27708659541932
75,6787.60390269756,0.000580660096407401,1.69349786902086,6.28035431416165,6.48882257819622,-0.122072056812142,0.0984799095773233,-0.0358559026593581,-0.966361375619905,-0.234865394139131
76,6787.60022874627,0.000580317255477597,1.69349788812127,6.28035431578462,6.4916457385785,-0.123764914191461,0.0706415713975949,0.00521165099418195,-0.978741357255354,-0.192478473295952
77,6787.59650628122,0.000579969987168237,1.69349790765782,6.28035431746706,6.49447155053607,-0.125460423263532,0.0402414436192473,0.0452142949825319,-0.986829191358425,-0.150014802028161
78,6787.59273532525,0.000579618298631118,1.69349792763014,6.28035431920993,6.49730005327729,-0.127158623238263,0.00754074095506601,0.0837908251142123,-0.990632970404283,-0.107557207106336
79,6787.58891590266,0.00057926219728549,1.69349794803797,6.28035432101424,6.50013128615448,-0.128859553469502,-0.0271749157918161,0.12060889265304,-0.990184927963633,-0.0651830299876475
80,6787.5850480383,0.000578901690695595,1.69349796888117,6.28035432288095,6.50296528862642,-0.130563253417558,-0.0635993779662115,0.155367370708029,-0.985539808620836,-0.022964861532149
81,6787.58113175696,0.000578536786468876,1.69349799015967,6.28035432481108,6.50580210025009,-0.132269762640934,-0.101409841193761,0.187798135302385,-0.976773164091505,0.0190286730139596
82,6787.57716708494,0.000578167492511474,1.69349801187267,6.28035432680555,6.50864176087876,-0.133979120994451,-0.140270651333542,0.217667301394058,-0.963979616942915,0.0607321035111006
83,6787.57315404401,0.000577793816128854,1.69349803401966,6.28035432886531,6.51148431072019,-0.135691368687389,-0.179836995121291,0.244775961209349,-0.947271126947867,0.102082300379164
84,6787.56909265485,0.000577415764524792,1.69349805660057,6.28035433099138,6.51432979006256,-0.137406546009451,-0.219758437054073,0.26896047652951,-0.926775289020117,0.143017673978597
85,6787.56498293934,0.000577033345121265,1.69349807961517,6.28035433318471,6.51717823912285,-0.139124693179152,-0.259682274239839,0.290092378449521,-0.902633686061863,0.183477402416478
86,6787.56082491813,0.00057664656520543,1.69349810306351,6.28035433544633,6.52002969809512,-0.140845850392069,-0.299256690527915,0.308077927960141,-0.875000314932608,0.223400699072099
87,6787.55661861199,0.000576255432138756,1.69349812694568,6.28035433777724,6.52288420729432,-0.142570057964689,-0.338133699646791,0.322857389002034,-0.844040099166576,0.262726128371046
88,6787.55236404166,0.000575859953336937,1.69349815126168,6.28035434017845,6.52574180721081,-0.144297356388875,-0.375971874970261,0.334404062390104,-0.809927497850148,0.301390976166408
89,6787.54806122774,0.000575460136264191,1.69349817601149,6.28035434265096,6.52860253857429,-0.146027786395853,-0.412438869959363,0.342723124854497,-0.772845216235207,0.339330679395436
90,6787.54371019079,0.000575055988450767,1.69349820119505,6.28035434519576,6.53146644241741,-0.147761389019806,-0.44721373894948,0.347850312390146,-0.732983020021126,0.376478318400428
91,6787.53931095153,0.000574647517529138,1.69349822681225,6.28035434781386,6.53433356012561,-0.149498205647683,-0.479989071698331,0.349850481514655,-0.690536652018941,0.412764174623489
92,6787.53486353114,0.000574234731279454,1.69349825286299,6.28035435050623,6.53720393346215,-0.151238278044275,-0.510472957984503,0.348816076076834,-0.645706846872234,0.448115355839576
93,6787.53036795152,0.000573817637672765,1.69349827934716,6.28035435327389,6.54007760456125,-0.152981648345321,-0.538390799843228,0.344865521143927,-0.598698436898353,0.482455490823522
94,6787.52582423869,0.000573396245369905,1.693498306264,6.28035435611775,6.54295461581851,-0.154728358947938,-0.56348698936807,0.338141559385447,-0.549719539837736,0.515704494987076
95,6787.52123241956,0.000572970563181495,1.69349833361265,6.28035435903872,6.545835009328,-0.156478451947745,-0.585526468270214,0.328809540164967,-0.498980817891056,0.547778408326109
96,6787.51659251813,0.000572540599537247,1.69349836139284,6.28035436203778,6.54871882714822,-0.158231969404745,-0.604296183449251,0.317055666369337,-0.446694796446859,0.578589306779052
97,6787.51190455818,0.000572106362895079,1.69349838960424,6.28035436511589,6.55160611155003,-0.159988953591334,-0.619606450526121,0.303085199079924,-0.393075230419534,0.608045287619051
98,6787.50716856337,0.000571667861776433,1.69349841824645,6.28035436827401,6.55449690510381,-0.161749447079399,-0.631292232455026,0.28712061836166,-0.338336507181884,0.636050529173218
99,6787.50238455765,0.000571225104823007,1.69349844731898,6.28035437151309,6.55739125075601,-0.163513492816918,-0.639214338287774,0.269399734042936,-0.282693075529815,0.6625054249381
100,6787.49755256559,0.000570778100863864,1.69349847682135,6.28035437483408,6.56028919188323,-0.165281134182019,-0.643260542297574,0.25017374048637,-0.226358892423888,0.687306791843875
101,6787.49267261283,0.000570326858977379,1.69349850675309,6.28035437823791,6.56319077231238,-0.167052415003116,-0.64334662101922,0.229705208066909,-0.169546880910224,0.71034815251657
102,6787.4877447263,0.000569871388532599,1.69349853711382,6.28035438172555,6.56609603630235,-0.168827379540634,-0.639417302812961,0.208266003747127,-0.112468394868275,0.73152009179677
103,6787.48276893437,0.000569411699197624,1.69349856790332,6.28035438529797,6.56900502848994,-0.170606072432875,-0.63144712163246,0.186135135484854,-0.0553326886520319,0.750710688272555
104,6787.47774526662,0.000568947800908737,1.69349859912159,6.28035438895616,6.57191779381018,-0.172388538616385,-0.619441165433851,0.163596514806275,0.00165360897056519,0.767806022694903
105,6787.47267375347,0.000568479703800517,1.69349863076884,6.28035439270116,6.57483437740385,-0.174174823233461,-0.603435707351839,0.140936634470895,0.0582870154140451,0.782690766516972
106,6787.46755442555,0.000568007418106115,1.69349866284552,6.28035439653402,6.57775482453102,-0.175964971545661,-0.583498706644113,0.118442160302853,0.114367707641644,0.79524885504868
107,6787.462387313,0.000567530954046456,1.69349869535229,6.28035440045581,6.58067918050588,-0.177759028868672,-0.559730164985814,0.0963974370431089,0.16970002669655,0.805364251426436
108,6787.45717244529,0.000567050321796162,1.69349872828977,6.28035440446762,6.58360749068992,-0.179557040565489,-0.532262321493158,0.0750819112344668,0.224092972023376,0.812921809040589
109,6787.45190984999,0.000566565531304831,1.6934987616586,6.28035440857053,6.5865398004908,-0.181359052045261,-0.501259668343342,0.0547674764389187,0.277360685671131,0.817808240641335
110,6787.44659955248,0.000566076592237561,1.693498795459,6.28035441276557,6.58947615521784,-0.183165108618805,-0.466918765688485,0.0357157474850777,0.329322928017377,0.819913203157252
111,6787.44124157339,0.000565583513598165,1.69349882969147,6.28035441705383,6.5924166002604,-0.184975255676992,-0.429467831604184,0.018175275094142,0.379805548166505,0.81913050643618
112,6787.43583593181,0.000565086304252242,1.69349886435629,6.28035442143634,6.59536118136201,-0.186789538964834,-0.389166079485192,0.00237871499576887,0.428640954060623,0.815359452508581
113,6787.43038264646,0.000564584973101384,1.6934988994535,6.28035442591412,6.59830994471234,-0.188608004673511,-0.346302771625983,-0.0114600295516664,0.475668588523408,0.808506309176982
114,6787.42488173667,0.00056407952923954,1.69349893498289,6.28035443048815,6.6012629370008,-0.190430699493929,-0.301195954625986,-0.0231486671667419,0.520735418120053,0.798485917496782
115,6787.41933322326,0.000563569982094011,1.69349897094408,6.2803544351594,6.60422020542769,-0.192257670627914,-0.25419084009438,-0.0325193484558939,0.563696441652985,0.78522342709313
116,6787.4137371293,0.000563056341531408,1.69349900733655,6.28035443992882,6.60718179767724,-0.194088965761191,-0.205657793443,-0.0394314280015233,0.604415224076331,0.768656146392309
117,6787.40809348051,0.000562538617914121,1.69349904415976,6.28035444479733,6.6101477618593,-0.195924633005119,-0.155989895030789,-0.0437741111067997,0.642764459616342,0.7487354868705
118,6787.40240230526,0.000562016822102175,1.69349908141318,6.28035444976589,6.61311814643311,-0.197764720820459,-0.105600042187038,-0.045468929545811,0.678626564960942,0.725428971619804
119,6787.39666363439,0.000561490965406035,1.69349911909634,6.28035445483544,6.61609300013202,-0.199609277942057,-0.0549175681712038,-0.0444719821968543,0.711894299653083,0.698722269308121
120,6787.39087750063,0.000560961059502389,1.69349915720887,6.28035446000694,6.61907237190052,-0.201458353315913,-0.00438436525505055,-0.0407758690315616,0.742471406491778,0.668621205458032
121,6787.38504393794,0.000560427116331279,1.6934991957505,6.28035446528136,6.62205631085491,-0.203311996059824,0.0455494860666934,-0.0344112413125147,0.770273260079203,0.635153694468786
122,6787.37916298166,0.000559889148109582,1.69349923472085,6.28035447065965,6.62504486624751,-0.205170255427624,0.0944305614147763,-0.0254478878958164,0.795227506969199,0.598371528594138
123,6787.37323466677,0.000559347167063923,1.69349927411961,6.28035447614279,6.62803808741044,-0.207033180752923,0.141807368815109,-0.0139952780744844,0.817274676509046,0.558351954844244
124,6787.36725902685,0.000558801185288701,1.6934993139466,6.28035448173176,6.63103602386247,-0.208900821555993,0.18723599191143,-0.00020248618492563,0.836368737784578,0.515198968155916
125,6787.36123609451,0.000558251214821146,1.69349935420164,6.28035448742753,6.63403872539325,-0.210773227627972,0.230286010778227,0.0157425671972845,0.852477575412928,0.469044249763266
126,6787.35516590154,0.000557697267661906,1.69349939488447,6.28035449323109,6.63704624212055,-0.212650449088133,0.270546587213721,0.0336146080614671,0.865583355567344,0.420047684003447
127,6787.34904847912,0.000557139355823576,1.69349943599483,6.2803544991434,6.64005862452611,-0.214532536419714,0.307632579914175,0.053153266887894,0.875682753805434,0.368397395053529
128,6787.34288385826,0.000556577491390884,1.69349947753236,6.28035450516541,6.64307592346458,-0.216419540478861,0.341190537223204,0.0740661088455154,0.882787018238007,0.314309257356944
129,6787.33667207017,0.000556011686576197,1.6934995194967,6.2803545112981,6.64609819014712,-0.218311512478213,0.370904403371598,0.096032416193763,0.886921845261629,0.258025849474921
130,6787.33041314652,0.000555441953758899,1.69349956188747,6.28035451754241,6.64912547611071,-0.220208503956267,0.396500769023358,0.118707673391784,0.888127050577954,0.199814840473622
131,6787.3241071196,0.000554868305503804,1.69349960470424,6.28035452389927,6.6521578331871,-0.222110566746254,0.417753500708368,0.141728676100369,0.886456025148933,0.139966819260476
132,6787.31775402236,0.000554290754562155,1.69349964794658,6.28035453036965,6.65519531348769,-0.224017752961071,0.434487595543857,0.164719156764493,0.881974974098456,0.0787925997625421
133,6787.31135388828,0.000553709313863484,1.69349969161404,6.28035453695447,6.65823796941356,-0.225930115003289,0.446582128358235,0.187295795023919,0.874761945610876,0.016620057414512
134,6787.30490675136,0.000553123996509184,1.69349973570612,6.28035454365467,6.66128585369384,-0.227847705603536,0.453972187123893,0.209074462454888,0.864905666121467,-0.0462094273728861
135,6787.29841264604,0.000552534815776028,1.6934997802223,6.28035455047118,6.66433901944646,-0.229770577881223,0.456649727444877,0.229676538142492,0.852504207198113,-0.10934482594488
136,6787.29187160726,0.000551941785131018,1.69349982516204,6.28035455740491,6.66739752024416,-0.2316987854106,0.454663316162951,0.248735127328662,0.837663517577628,-0.172429512230297
137,6787.28528367052,0.000551344918253692,1.69349987052485,6.2803545644568,6.67046141017204,-0.233632382278253,0.448116775396332,0.265901019642783,0.820495860284035,-0.235105394702213
138,6787.27864887202,0.000550744229053578,1.6934999163103,6.28035457162779,6.67353074385576,-0.23557142311132,0.437166778848932,0.280848234495371,0.801118199458795,-0.297017014912582
139,6787.27196724857,0.000550139731670746,1.69349996251812,6.28035457891883,6.67660557645479,-0.237515963070758,0.422019489458798,0.293279020775142,0.779650583848839,-0.357815502171542
140,6787.26523883753,0.000549531440447746,1.69350000914823,6.28035458633092,6.67968596361778,-0.23946605780669,0.402926358854608,0.302928202965795,0.756214573737197,-0.417162284555485
141,6787.25846367656,0.000548919369899598,1.69350005620071,6.28035459386508,6.68277196141077,-0.241421763386653,0.380179233560071,0.309566794013425,0.73093175571248,-0.474732470877017
142,6787.25164180348,0.000548303534673403,1.69350010367554,6.2803546015223,6.68586362627563,-0.243383136253965,0.354104928666068,0.313004826404751,0.70392238508299,-0.530217836290713
143,6787.24477325279,0.000547683949027556,1.69350015157316,6.28035460930368,6.68896101502186,-0.245350233219612,0.325059436304346,0.31309338342526,0.675304189371044,-0.583329364889803
144,6787.23785805753,0.000547060627099627,1.6935001998942,6.28035461721031,6.69206418472449,-0.24732311136006,0.293421934938905,0.309725840791811,0.645191358723017,-0.633799323344276
145,6787.23089624946,0.000546433582925231,1.69350024863936,6.28035462524333,6.69517319269016,-0.249301827983427,0.259588756065944,0.302838353907028,0.61369374070459,-0.681382859886441
146,6787.22388785928,0.000545802830468415,1.69350029780923,6.28035463340385,6.69828809645261,-0.251286440624902,0.223967449545193,0.292409646192411,0.580916248382101,-0.725859141103503
147,6787.21683291807,0.000545168383824665,1.69350034740388,6.28035464169289,6.70140895361875,-0.253277006892871,0.186971068781933,0.278460168812856,0.54695848230646,-0.767032054386433
148,6787.20973145455,0.000544530256809912,1.69350039742343,6.28035465011149,6.7045358219546,-0.2552735845548,0.149012774421893,0.261050711589097,0.511914559439592,-0.80473051568316
149,6787.20258349727,0.000543888463333731,1.69350044786786,6.28035465866066,6.7076687596658,-0.257276231817812,0.110500831667132,0.240280549308075,0.475873135534347,-0.838808430275823
150,6787.195389076,0.000543243017622094,1.6935004987369,6.28035466734138,6.71080782545642,-0.259285007387456,0.0718340533857247,0.216285207580912,0.438917602211313,-0.869144358679805
151,6787.18814822254,0.000542593934342369,1.69350055003008,6.28035467615457,6.71395307854478,-0.261299970483511,0.0333977200798915,0.189233928776964,0.401126436103567,-0.89564094075246
152,6787.18086097123,0.000541941228681981,1.69350060174683,6.28035468510117,6.71710457864704,-0.263321180823628,-0.00444001064736067,0.159326912345767,0.362573674995615,-0.918224129234246
153,6787.17352735912,0.000541284916370226,1.69350065388653,6.28035469418207,6.72026238593927,-0.26534869858535,-0.0413312077327876,0.126792395990943,0.323329494818405,-0.936842279877835
154,6787.16614742576,0.000540625013642926,1.69350070644858,6.2803547033982,6.72342656100934,-0.267382584358028,-0.0769507979155354,0.0918836355481949,0.283460861563371,-0.951465139760969
155,6787.1587212127,0.000539961537161778,1.69350075943249,6.28035471275047,6.72659716481702,-0.269422899102897,-0.110998747830075,0.0548758327510484,0.243032233476313,-0.962082769023304
156,6787.15124876281,0.000539294503905997,1.69350081283783,6.28035472223983,6.7297742586714,-0.271469704130525,-0.143201825942753,0.016063051857661,0.202106291077777,-0.968704424743928
157,6787.1437301195,0.000538623931058426,1.6935008666643,6.28035473186723,6.7329579042334,-0.273523061103303,-0.173314976719429,-0.0242448413238486,0.160744675396354,-0.971357429500411
158,6787.13616532636,0.000537949835949771,1.69350092091156,6.28035474163364,6.73614816353823,-0.275583032057888,-0.201122340868699,-0.0657251910048152,0.119008718050106,-0.970086041698852
159,6787.12855442857,0.00053727223630896,1.69350097557836,6.28035475153984,6.73934509918541,-0.277649679595306,-0.226437955548886,-0.108045492237884,0.0769601502307317,-0.964950340261289
160,6787.12089746497,0.000536591149100468,1.69350103066415,6.28035476158674,6.74254877467824,-0.279723067220305,-0.249106167479601,-0.150866244661982,0.0346617810219329,-0.956025132766709
161,6787.11319447418,0.000535906591388727,1.69350108616879,6.28035477177533,6.74575925395849,-0.281803258876123,-0.269001790338012,-0.193843707003591,-0.00782186143758181,-0.943398893646638
162,6787.10544549651,0.000535218580613989,1.69350114209224,6.28035478210661,6.74897660126237,-0.283890318800427,-0.286030035798448,-0.236632543934429,-0.0504239298635816,-0.927172737449377
163,6787.09765057355,0.00053452713452069,1.69350119843452,6.2803547925816,6.75220088107828,-0.285984311483057,-0.300126245356171,-0.278888361055378,-0.0930747005202543,-0.907459431070788
164,6787.08980974836,0.000533832271176155,1.6935012551955,6.28035480320129,6.75543215809693,-0.28808530161618,-0.3112554478241,-0.320270126777631,-0.135701058920194,-0.884382448209821
165,6787.08192306329,0.000533134008642275,1.69350131237486,6.28035481396664,6.75867049721704,-0.29019335409998,-0.31941176465521,-0.36044248288289,-0.178226028150942,-0.858075068990238
166,6787.07399055799,0.000532432364709508,1.69350136997259,6.28035482487865,6.76191596380014,-0.292308534297426,-0.324617682491439,-0.399077949306623,-0.220568339019291,-0.828679526966474
167,6787.06601227152,0.00053172735722851,1.6935014279886,6.28035483593833,6.76516862376133,-0.294430908125068,-0.326923209343154,-0.435859030964414,-0.262642041567634,-0.796346205064556
168,6787.05798824257,0.00053101900416355,1.69350148642273,6.28035484714666,6.76842854364066,-0.296560542124408,-0.326404927631577,-0.470480236082997,-0.304356158466857,-0.761232881237017
169,6787.04991850984,0.000530307323659916,1.69350154527477,6.28035485850462,6.77169579064998,-0.298697503508742,-0.323164953507826,-0.502650018004957,-0.345614381661268,-0.7235040230799
170,6787.04180311252,0.000529592334115106,1.69350160454446,6.28035487001317,6.77497043268528,-0.300841860175514,-0.317329808278219,-0.532092652455903,-0.386314814948721,-0.683330129389657
171,6787.03364209063,0.000528874054238094,1.69350166423156,6.28035488167329,6.77825253830284,-0.302993680682441,-0.309049204416038,-0.558550061501412,-0.426349766616088,-0.640887115296439
172,6787.02543548704,0.000528152503334082,1.69350172433547,6.28035489348587,6.78154217654627,-0.305153034074605,-0.298494743720417,-0.581783595923664,-0.46560559722175,-0.596355735548163
173,6787.0171833487,0.000527427701380416,1.69350178485484,6.28035490545166,6.78483941630517,-0.307319989243053,-0.285858523563788,-0.60157578289198,-0.503962629080814,-0.549921040181031
174,6787.00888571812,0.00052669966779835,1.6935018457892,6.28035491757159,6.78814432676447,-0.309494615374189,-0.271351642085994,-0.617732045637704,-0.541295124593953,-0.50177185475105
175,6787.00054263758,0.000525968422128159,1.69350190713807,6.28035492984657,6.79145697762914,-0.311676982174414,-0.255202592406615,-0.630082395510916,-0.577471341706911,-0.452100277818305
176,6786.9921541496,0.000525233984118858,1.69350196890088,6.2803549422775,6.79477743919003,-0.31386715993603,-0.237655533517049,-0.638483094026074,-0.612353675064537,-0.401101187565648
177,6786.9837202973,0.000524496373798888,1.69350203107703,6.28035495486527,6.79810578237692,-0.316065219590282,-0.218968424261357,-0.642818277336853,-0.645798892191066,-0.348971750064345
178,6786.97524112487,0.000523755611546117,1.69350209366588,6.28035496761077,6.8014420787837,-0.318271232732487,-0.199411007972141,-0.643001530199288,-0.677658474383317,-0.295910922673336
179,6786.96671667784,0.000523011718140557,1.69350215666687,6.28035498051489,6.80478640066353,-0.320485271617266,-0.179262635489961,-0.63897739237956,-0.70777907231174,-0.242118946682297
180,6786.95814700326,0.000522264714784054,1.69350222007954,6.28035499357855,6.80813882089516,-0.322707409124804,-0.158809916358509,-0.630722775264718,-0.736003086863454,-0.187796824669756
181,6786.94953214959,0.000521514623077239,1.69350228390361,6.28035500680271,6.81149941292969,-0.324937718707632,-0.138344191208155,-0.618248261826765,-0.762169386025888,-0.133145779174802
182,6786.9408721663,0.000520761464951815,1.69350234813902,6.28035502018836,6.81486825073103,-0.327176274331098,-0.118158821896589,-0.601599258938095,-0.786114168766753,-0.0783666901004552
183,6786.93216710327,0.000520005262564922,1.69350241278596,6.28035503373656,6.81824540872351,-0.329423150420959,-0.0985463005222449,-0.580856967016788,-0.807671986739293,-0.0236595088292393
184,6786.92341700996,0.000519246038171931,1.69350247784481,6.2803550474484,6.82163096176026,-0.331678421831739,-0.0797951834883475,-0.556139127989077,-0.826676934221793,0.0307773526682664
185,6786.91462193539,0.000518483814117351,1.69350254331593,6.28035506132497,6.8250249851236,-0.333942163847179,-0.0621868636155358,-0.527600508980473,-0.842964015331542,0.0847476593973655
186,6786.90578192539,0.000517718612443706,1.69350260919982,6.2803550753674,6.82842755471394,-0.336214452369089,-0.0459921998292121,-0.495433076236082,-0.856370695263575,0.138058019759463
187,6786.89689702302,0.000516950454942416,1.69350267549716,6.28035508957685,6.83183874698579,-0.338495363853397,-0.0314680316580509,-0.459865810960234,-0.8667386389826,0.190518583314186
188,6786.88796727074,0.000516179363467301,1.69350274220809,6.28035510395437,6.83525863877203,-0.340784975134374,-0.0188536147291473,-0.421164117145565,-0.873915635838887,0.241943772552541
189,6786.87899270709,0.000515405359434468,1.6935028093328,6.28035511850103,6.83868730744222,-0.343083363583009,-0.00836702251364146,-0.379628771096914,-0.877757702169414,0.292153051279588
190,6786.86997336877,0.000514628464189426,1.69350287687137,6.28035513321788,6.84212483110759,-0.345390607311928,-0.000201569541073948,-0.335594363889611,-0.878131345910472,0.340971731415833
191,6786.86090929263,0.000513848699319017,1.69350294482366,6.2803551481059,6.84557128861654,-0.347706785170951,0.00547767865482675,-0.289427192016386,-0.874915967796698,0.388231818444125
192,6786.85180051673,0.000513066086814778,1.69350301318929,6.28035516316604,6.84902675952822,-0.350031976720662,0.00853723379038719,-0.241522558621124,-0.868006363133432,0.433772893201253
193,6786.84264708121,0.000512280649201748,1.69350308196771,6.2803551783992,6.85249132405696,-0.35236626217682,0.00887826733803047,-0.192301458521071,-0.857315276918733,0.477443024225403
194,6786.83344902885,0.000511492409615246,1.69350315115825,6.28035519380627,6.85596506300068,-0.35470972233875,0.00643935619548962,-0.142206635069518,-0.842775953935903,0.519099700540678
195,6786.82420640524,0.000510701391818702,1.69350322076022,6.28035520938811,6.85944805766969,-0.35706243851822,0.00119879600201361,-0.0916980157142329,-0.824344615218749,0.558610769822844
196,6786.8149192586,0.000509907620167353,1.69350329077294,6.2803552251456,6.86294038983199,-0.359424492484642,-0.00682361432143643,-0.0412475558248297,-0.802002783879742,0.595855361707196
197,6786.80558763931,0.000509111119531697,1.69350336119581,6.28035524107962,6.8664421416836,-0.361795966435468,-0.0175654095466057,0.00866645404932417,-0.775759377722891,0.630724771066322
198,6786.79621159928,0.000508311915201545,1.69350343202828,6.28035525719107,6.86995339584994,-0.364176942997533,-0.0309210005381367,0.0575655349286093,-0.7456524841841,0.663123271906652
199,6786.78679119132,0.000507510032790135,1.69350350326991,6.28035527348088,6.87347423540952,-0.366567505250759,-0.0467419916084989,0.104977510053814,-0.711750735677362,0.692968829649723
200,6786.77732646856,0.000506705498155079,1.69350357492032,6.28035528994998,6.87700474393147,-0.368967736765701,-0.0648383224531532,0.150443203568351,-0.674154210795823,0.720193678469767
201,6786.76781748407,0.000505898337344347,1.6935036469792,6.28035530659933,6.88054500551313,-0.371377721641106,-0.0849802594729904,0.193523189499397,-0.632994799132016,0.744744731366193
202,6786.75826429062,0.000505088576567192,1.69350371944627,6.28035532342988,6.88409510480652,-0.373797544530394,-0.106901232560217,0.23380441738698,-0.588435984317094,0.766583794016162
203,6786.74866694065,0.000504276242190313,1.69350379232128,6.2803553404426,6.88765512702557,-0.376227290648899,-0.130301482257008,0.27090653253955,-0.540672020496133,0.785687559149089
204,6786.73902548705,0.000503461360847749,1.69350386560365,6.28035535763838,6.89122515786532,-0.378667045693075,-0.154852450729785,0.304487709677355,-0.489926500633557,0.802047365892673
205,6786.7293399806,0.000502643959064702,1.69350393929296,6.28035537501814,6.89480528366534,-0.381116896003911,-0.18020181982457,0.334249828573571,-0.436450339520392,0.815668717901445
206,6786.71961047089,0.000501824063420082,1.69350401338882,6.28035539258282,6.89839559144848,-0.383576928605633,-0.205979073463314,0.359942840041239,-0.380519218065988,0.826570564368639
207,6786.7098370073,0.00050100170068918,1.69350408789083,6.28035541033334,6.90199616887223,-0.386047231157159,-0.231801440558468,0.381368198036339,-0.322430557114363,0.834784358694182
208,6786.70001963921,0.000500176897873583,1.69350416279852,6.28035542827062,6.90560710422016,-0.38852789194344,-0.257280060734914,0.39838126793638,-0.262500107197124,0.840352919568403
209,6786.69015841611,0.000499349682226255,1.69350423811134,6.28035544639555,6.90922848640807,-0.3910189998817,-0.282026209228029,0.410892659713601,-0.201058254069101,0.843329127904779
210,6786.68025338771,0.000498520081279557,1.69350431382869,6.28035546470901,6.91286040501065,-0.393520644548014,-0.305657419386234,0.418868475088565,-0.138446147360311,0.843774499989313
211,6786.67030460416,0.000497688122881324,1.69350438994991,6.28035548321186,6.91650295029954,-0.396032916215446,-0.327803350402527,0.422329497183715,-0.0750117619236125,0.841757681786477
212,6786.66031211621,0.000496853835241557,1.69350446647428,6.28035550190495,6.92015621328539,-0.398555905896026,-0.348111264546806,0.421349387615106,-0.0111059981374485,0.837352911177461
213,6786.6502759755,0.000496017246984283,1.69350454340109,6.28035552078913,6.92382028574792,-0.401089705370904,-0.366250999915712,0.416051986830454,0.0529210814584008,0.830638494444151
214,6786.64019623481,0.000495178387193608,1.69350462072966,6.28035553986525,6.92749526024244,-0.403634407196776,-0.381919349432086,0.406607837842052,0.116723794066651,0.821695340520724
215,6786.63007294824,0.000494337285440337,1.6935046984594,6.2803555591342,6.93118123007891,-0.406190104685005,-0.394843784230602,0.393230070332961,0.179964087137221,0.810605591629653
216,6786.6199061712,0.000493493971775236,1.69350477658993,6.28035557859688,6.93487828927352,-0.408756891853163,-0.404785486835801,0.376169790795177,0.242314444921869,0.79745138279548
217,6786.60969596016,0.000492648476681712,1.69350485512103,6.28035559825428,6.9385865324849,-0.411334863361268,-0.41154168495123,0.355711126080277,0.303460415908228,0.782313755667769
218,6786.59944237217,0.000491800830988266,1.69350493405278,6.28035561810742,6.94230605494887,-0.413924114446503,-0.414947299936763,0.332166062526963,0.363102743105586,0.765271744630443
219,6786.58914546423,0.000490951065751572,1.69350501338548,6.28035563815742,6.94603695242917,-0.416524740873971,-0.41487594351377,0.305869212316071,0.420959094839578,0.746401645846623
220,6786.57880529267,0.000490099212159096,1.69350509311959,6.28035565840542,6.94977932117935,-0.419136838898594,-0.411240311511283,0.277172623829172,0.476765407587276,0.725776473107178
221,6786.56842191274,0.000489245301463962,1.69350517325527,6.28035567885248,6.95353325796533,-0.421760505287635,-0.403992034359354,0.246440735307475,0.530276863709137,0.703465598284738
222,6786.55799537451,0.000488389364410138,1.69350525379301,6.28035569949975,6.95729886044806,-0.424395837703397,-0.39312105064704,0.214045552135776,0.581268535707125,0.679534569058818
223,6786.54752572588,0.000487531431671762,1.6935053347333,6.2803557203484,6.96107622699366,-0.427042934513349,-0.378654572678853,0.180362108856192,0.629535734761715,0.654045092433518
224,6786.5370130148,0.000486671534171832,1.69350541607622,6.28035574139947,6.96486545647573,-0.429701894592461,-0.3606557121344,0.145764258583698,0.674894104843833,0.627055169400121
225,6786.52645728789,0.000485809702882989,1.69350549782173,6.280355762654,6.96866664835412,-0.43237281740193,-0.339221830251928,0.110620815722707,0.717179504897327,0.598619363840329
226,6786.51585859123,0.000484945968986094,1.6935055799697,6.28035578411298,6.97247990285575,-0.435055803170052,-0.314482671217349,0.075292063230197,0.756247720712522,0.568789187340666
227,6786.50521697191,0.000484080364124891,1.69350566251977,6.28035580577737,6.97630532092691,-0.43775095284448,-0.286598330312159,0.0401266235811332,0.791974045523747,0.537613580891527
228,6786.49453247888,0.000483212920532531,1.69350574547141,6.28035582764804,6.98014300418656,-0.440458368045553,-0.255757100573101,0.00545868315745727,0.824252764448146,0.505139474387238
229,6786.48380516351,0.000482343671114452,1.69350582882396,6.28035584972587,6.98399305486096,-0.443178151000902,-0.222173233848074,-0.0283944470279732,0.852996573046236,0.471412405342543
230,6786.47303507984,0.00048147264947806,1.69350591257671,6.28035587201171,6.98785557571816,-0.445910404479968,-0.186084644697929,-0.0611344557404872,0.878135954932554,0.436477179224358
231,6786.46222228446,0.000480599889907608,1.69350599672898,6.2803558945064,6.99173067001413,-0.448655231740086,-0.147750579018535,-0.0924838647693059,0.899618537886256,0.400378555180488
232,6786.45136683608,0.000479725427293944,1.69350608128013,6.28035591721082,6.9956184414656,-0.451412736499374,-0.107449263560144,-0.122187595289289,0.917408442656409,0.36316194274806
233,6786.44046879492,0.00047884929703521,1.69350616622962,6.28035594012584,6.99951899425587,-0.45418302294248,-0.0654755482868416,-0.150014290636181,0.931485633942795,0.324874097058615
234,6786.42952822192,0.000477971534928645,1.69350625157697,6.28035596325239,7.00343243307286,-0.456966195758697,-0.0221385498157348,-0.175757417309992,0.941845279016869,0.285563802443892
235,6786.41854517811,0.000477092177075943,1.69350633732181,6.28035598659138,7.00735886317371,-0.459762360206526,0.0222406979141594,-0.19923616356178,0.948497116360423,0.245282536560265
236,6786.40751972547,0.000476211260029731,1.69350642346334,6.28035601014364,7.01129839036059,-0.462571622089497,0.067331580997511,-0.220296152305482,0.951464834668497,0.20408510937603
237,6786.39645192443,0.000475328820515313,1.69350651000017,6.28035603390982,7.01525112154532,-0.465394088320841,0.112796228384771,-0.238809982971321,0.950785461208399,0.162030273869239
238,6786.3853418301,0.000474444894877121,1.69350659693195,6.28035605789086,7.01921716498974,-0.468229867163718,0.158291817024562,-0.254677614315852,0.946508758295029,0.119181306840672
239,6786.3741894994,0.000473559520038495,1.69350668425836,6.2803560820877,7.02319662941867,-0.471079067344327,0.203472857929853,-0.267826598125686,0.938696626991714,0.0756065598784845
240,6786.36299499093,0.00047267273347275,1.69350677197919,6.28035610650132,7.02718962395084,-0.473941797982723,0.247993463109781,-0.278212172174267,0.927422517653443,0.031379981807564
241,6786.35175836451,0.000471784573127198,1.6935068600943,6.2803561311327,7.03119625808172,-0.476818168575726,0.291509592981132,-0.285817218786731,0.912770848329758,-0.0134183860567251
242,6786.34047968062,0.000470895077335445,1.69350694860362,6.28035615598287,7.03521664171053,-0.479708289023896,0.333681286989273,-0.290652094011028,0.894836432636597,-0.0587019402268475
243,6786.32915899975,0.000470004284739323,1.69350703750711,6.28035618105285,7.0392508852023,-0.482612269693575,0.374174880893322,-0.292754330433,0.8737239196292,-0.104377070226084
244,6786.31779638298,0.000469112234363067,1.69350712680438,6.28035620634356,7.04329909934939,-0.485530221378479,0.412665215068571,-0.292188215094947,0.849547248794906,-0.150342739422443
245,6786.30639188825,0.00046821896512718,1.69350721649509,6.28035623185596,7.04736139583649,-0.488462255764642,0.448837841212966,-0.289044241464381,0.822429122681409,-0.196490093737707
246,6786.2949455716,0.000467324516066473,1.69350730657901,6.280356257591,7.05143788732445,-0.491408485514238,0.482391233514556,-0.283438432106283,0.792500499779372,-0.242702103169465
247,6786.28345748897,0.000466428926610978,1.69350739705586,6.28035628354965,7.05552868733411,-0.494369024149434,0.513039011955723,-0.275511526245753,0.759900108578623,-0.288853243186619
248,6786.27192769669,0.000465532236669171,1.69350748792531,6.28035630973285,7.05963391021276,-0.49734398601887,0.540512184103294,-0.265428022622169,0.724773982602065,-0.334809225956983
249,6786.26035625198,0.00046463448669239,1.69350757918703,6.28035633614155,7.06375367106421,-0.500333486227681,0.564561408983914,-0.253375066387277,0.687275014545007,-0.380426794011019
250,6786.2487432167,0.000463735718151381,1.69350767083993,6.28035636277647,7.06788808507946,-0.503337639968227,0.584959284806518,-0.239561164808061,0.647562525426059,-0.425553591335188
251,6786.23708865344,0.000462835972826638,1.6935077628828,6.2803563896383,7.07203726734125,-0.5063565623246,0.601502656493546,-0.224214714940655,0.605801843340323,-0.470028129414351
252,6786.22539262139,0.000461935292355387,1.69350785531509,6.2803564167279,7.07620133373306,-0.509390369181623,0.614014933935939,-0.20758232473976,0.562163884538988,-0.513679867504379
253,6786.21365518007,0.000461033718809649,1.69350794813614,6.28035644404613,7.08038040074664,-0.512439177032385,0.622348405121358,-0.189926908302004,0.516824728294109,-0.556329427919703
254,6786.20187638975,0.000460131294773359,1.69350804134525,6.28035647159381,7.08457458549827,-0.515503102994493,0.626386520518426,-0.171525536560327,0.469965176211259,-0.597788968089268
255,6786.19005631181,0.000459228063421755,1.69350813494166,6.28035649937176,7.08878400572001,-0.518582264801349,0.626046116933804,-0.152667026886736,0.421770286165328,-0.637862731378537
256,6786.17819500921,0.000458324068581849,1.69350822892466,6.2803565273808,7.0930087797255,-0.521676780767923,0.621279540574284,-0.133649258731736,0.372428871025851,-0.676347798200507
257,6786.16629254656,0.000457419354757297,1.69350832329365,6.28035655562177,7.09724902636303,-0.524786769743853,0.612076620630051,-0.114776207831047,0.322132952722705,-0.713035057598273
258,6786.15434899008,0.000456513967104929,1.69350841804816,6.28035658409559,7.10150486496732,-0.527912351065159,0.598466436705182,-0.0963546987536855,0.271077162962932,-0.747710417130494
259,6786.14236440713,0.000455607951360347,1.69350851318796,6.28035661280322,7.10577641532707,-0.531053644521851,0.58051881631791,-0.0786908844950429,0.219458082951852,-0.780156265388761
260,6786.13033886548,0.000454701353720363,1.69350860871305,6.28035664174568,7.11006379768153,-0.534210770354489,0.558345492888045,-0.0620864726610929,0.167473515876493,-0.810153196601776
261,6786.1182724324,0.000453794220700406,1.69350870462371,6.28035667092411,7.11436713275438,-0.537383849288038,0.532100850678769,-0.0468347297021932,0.115321687510754,-0.83748200051722
262,6786.1061651744,0.000452886599094178,1.69350880092013,6.2803567003396,7.11868654175154,-0.540573002529706,0.501982181513607,-0.0332163080823573,0.0632003723136368,-0.861925912860053
263,6786.0940171544,0.000451978535621251,1.69350889760253,6.28035672999325,7.12302214682225,-0.543778352230008,0.468229379413612,-0.0214949552318047,0.0113059447195538,-0.883273112218143
264,6786.08182843104,0.000451070076829331,1.69350899467138,6.28035675988627,7.12737407112624,-0.547000021549954,0.431124004022645,-0.0119131772419078,-0.0401676418587949,-0.901319438329713
265,6786.06959906107,0.000450161269424261,1.6935090921271,6.28035679001982,7.13174243851952,-0.550238134346819,0.39098765240272,-0.00468794384106621,-0.091029942466342,-0.915871294683771
266,6786.05732910017,0.000449252160392289,1.69350918996992,6.28035682039502,7.13612737347751,-0.553492815097313,0.348179591814993,-6.53331159112236e-06,-0.14109516476546,-0.926748685610435
267,6786.04501860477,0.000448342797233869,1.6935092881995,6.28035685101282,7.14052900074756,-0.556764188550069,0.303093623782076,0.00197737416211575,-0.190183355837888,-0.933788325251666
268,6786.0326676297,0.000447433227644783,1.69350938681553,6.28035688187417,7.14494744567638,-0.560052380053102,0.256154171657209,0.00114723997679822,-0.238121612891888,-0.936846743953786
269,6786.02027623068,0.000446523499911444,1.6935094858176,6.28035691298,7.14938283403506,-0.563357515378811,0.207811610062663,-0.00257326944520116,-0.284745294267995,-0.935803307538373
270,6786.0078444656,0.000445613663089206,1.69350958520513,6.28035694433117,7.15383529181833,-0.566679720523207,0.158536883637006,-0.00921781278472378,-0.329899202631182,-0.930563057808251
271,6785.995372395,0.000444703767055072,1.6935096849774,6.2803569759285,7.15830494512496,-0.570019121586384,0.108815493271438,-0.0187756019314449,-0.373438708393096,-0.921059279454858
272,6785.98286008204,0.000443793862501973,1.69350978513366,6.28035700777282,7.16279192008201,-0.573375844696703,0.0591409588491557,-0.0311904172742647,-0.415230778716538,-0.907255700044435
273,6785.97030759223,0.000442884000886663,1.69350988567317,6.28035703986493,7.16729634282534,-0.576750015991337,0.0100078962985596,-0.0463604781823407,-0.455154876479277,-0.889148236511503
274,6785.95771499282,0.000441974234350704,1.69350998659521,6.28035707220566,7.17181833953089,-0.580141761647513,-0.0380951289260004,-0.0641392103423158,-0.493103694452896,-0.866766213788748
275,6785.94508235218,0.00044106461563723,1.6935100878991,6.28035710479583,7.17635803648066,-0.583551207948551,-0.0846927915654469,-0.0843369212652309,-0.528983693192217,-0.840172998319439
276,6785.93240973927,0.000440155198022429,1.69351018958424,6.2803571376363,7.1809155601389,-0.586978481359966,-0.129330049260775,-0.10672336270843,-0.56271541663353,-0.809466010462059
277,6785.91969722315,0.000439246035272876,1.69351029165003,6.28035717072794,7.18549103721445,-0.590423708591915,-0.171578847257722,-0.131031125986276,-0.594233566922596,-0.774776103877068
278,6785.90694487288,0.000438337181629391,1.69351039409595,6.28035720407161,7.19008459469062,-0.593887016628991,-0.211044303053838,-0.156959785158383,-0.623486829223507,-0.736266325303807
279,6785.89415275743,0.000437428691809475,1.69351049692147,6.2803572376682,7.19469635981545,-0.597368532720511,-0.247370207498506,-0.184180676231828,-0.650437447550484,-0.694130092827666
280,6785.88132094576,0.000436520621014995,1.69351060012612,6.2803572715186,7.19932646005629,-0.600868384335102,-0.280243705412909,-0.212342179303435,-0.675060563205564,-0.648588853180269
281,6785.86844950687,0.000435613024933195,1.69351070370943,6.28035730562371,7.20397502303732,-0.604386699098219,-0.309399051792125,-0.241075356323888,-0.69734333759145,-0.599889297154284
282,6785.85553850978,0.000434705959722715,1.69351080767099,6.28035733998444,7.20864217647768,-0.607923604730289,-0.334620376690786,-0.269999790639023,-0.717283890084029,-0.548300225774277
283,6785.84258802336,0.000433799481985487,1.69351091201037,6.28035737460171,7.21332804815134,-0.611479229006547,-0.355743430332562,-0.298729475657123,-0.734890088723641,-0.494109167739883
284,6785.82959811612,0.000432893648732852,1.69351101672716,6.28035740947642,7.21803276588014,-0.615053699750107,-0.372656317245736,-0.32687860792046,-0.750178236351757,-0.437618850833686
285,6785.8165688562,0.000431988517395288,1.69351112182084,6.28035744460946,7.22275645751763,-0.618647144815784,-0.385299262265869,-0.354067154089379,-0.76317169711936,-0.379143626622394
286,6785.80350031123,0.00043108414582214,1.69351122729063,6.28035748000162,7.22749925102318,-0.622259692164223,-0.393663480176841,-0.379926079713105,-0.773899508038123,-0.319005940050089
287,6785.79039254673,0.000430180592106068,1.6935113331359,6.28035751565373,7.2322612747904,-0.625891470190322,-0.397789243413957,-0.404102149270294,-0.782395017797197,-0.257532923925089
288,6785.77724562801,0.000429277914861041,1.69351143935597,6.28035755156662,7.23704265736298,-0.629542607439024,-0.397763258073914,-0.426262229623384,-0.788694590647744,-0.195053184557224
289,6785.76405962081,0.000428376173316174,1.69351154595009,6.28035758774109,7.24184352737844,-0.633213232549133,-0.393715467682936,-0.446097051419437,-0.792836407363648,-0.131893829957256
290,6785.75083459166,0.00042747542739642,1.69351165291743,6.28035762417791,7.24666401350511,-0.63690347419025,-0.385815407035801,-0.463324404481175,-0.794859388518621,-0.0683777770168653
291,6785.73757060841,0.00042657573779529,1.69351176025721,6.28035766087785,7.25150424435254,-0.640613460973203,-0.374268226001058,-0.477691762188025,-0.794802258320401,-0.00482136002717811
292,6785.72426774058,0.000425677166021817,1.69351186796868,6.28035769784171,7.25636434835681,-0.64434332133534,-0.359310496282994,-0.488978346298575,-0.792702760398768,0.0584677498126398
293,6785.71092605949,0.000424779774408455,1.69351197605122,6.28035773507033,7.26124445365925,-0.648093183419247,-0.341205904106738,-0.496996656981003,-0.788597030642436,0.121192314997043
294,6785.69754563817,0.000423883626072318,1.6935120845044,6.28035777256462,7.2661446879997,-0.651863174966004,-0.320240919561549,-0.501593503134684,-0.782519126739261,0.183067002320662
295,6785.68412655092,0.000422988784830203,1.69351219332804,6.28035781032555,7.27106517863987,-0.655653423238586,-0.296720519871776,-0.502650575460385,-0.774500709657483,0.243819570208017
296,6785.67066887263,0.000422095315076852,1.69351230252219,6.2803578483542,7.27600605233575,-0.659464054994187,-0.27096402998083,-0.500084609382768,-0.764570868967582,0.303191794481957
297,6785.65717267793,0.000421203281646888,1.69351241208711,6.28035788665171,7.28096743535934,-0.663295196506016,-0.243301130191909,-0.493847187137732,-0.752756081597582,0.360940157673462
298,6785.64363804027,0.000420312749681186,1.69351252202327,6.2803579252193,7.28594945356575,-0.667146973630405,-0.214068067710544,-0.483924228429814,-0.739080292222405,0.416836328999438
299,6785.63006503202,0.000419423784633992,1.69351263233091,6.28035796405813,7.29095223231624,-0.671019511729803,-0.183604096984204,-0.470335217370636,-0.723565102882119,0.470667463038099
300,6785.61645372111,0.000418536451863505,1.69351274301014,6.28035800316927,7.29597589713994,-0.674912936334566,-0.152248163262257,-0.453132210269787,-0.706230059338673,0.522236345044828
301,6785.60280417163,0.000417650816759633,1.69351285406111,6.28035804255385,7.30102057372142,-0.67882737313046,-0.120335834810377,-0.432398664542769,-0.687093022014367,0.571361410021087
302,6785.58911644644,0.000416766945085436,1.69351296548378,6.28035808221293,7.30608638741373,-0.68276294747176,-0.0881964815600289,-0.408248123897712,-0.666170609964035,0.617876661150569
303,6785.5753906073,0.00041588490303581,1.693513077278,6.28035812214751,7.31117346332691,-0.68671978446972,-0.0561506922049213,-0.380822789329103,-0.643478707004521,0.661631511133123
304,6785.5616267164,0.000415004757471546,1.69351318944342,6.28035816235853,7.31628192605721,-0.690698008721807,-0.0245079173604924,-0.350291999707732,-0.619033019832409,0.702490567399006
305,6785.54782483738,0.000414126576049834,1.69351330197947,6.28035820284687,7.32141189948736,-0.694697744111996,0.00643567649285428,-0.316850639943208,-0.592849678732664,0.740333379270606
306,6785.53398503602,0.000413250427318004,1.69351341488545,6.28035824361333,7.32656350657896,-0.698719113603122,0.0363991587723797,-0.280717489549026,-0.564945872053941,0.775054161946872
307,6785.52010738071,0.000412376380758827,1.69351352816059,6.2803582846587,7.33173686918616,-0.702762239050573,0.0651186091074684,-0.242133519539478,-0.535340506415165,0.806561508909574
308,6785.50619194258,0.000411504506783557,1.69351364180409,6.28035832598376,7.33693210791284,-0.706827241059468,0.0923487301955118,-0.201360141598893,-0.504054885305012,0.834778101058419
309,6785.49223879518,0.000410634876677754,1.69351375581518,6.2803583675893,7.34214934202764,-0.710914238899678,0.117864313665802,-0.158677410170208,-0.47111339958211,0.859640417732875
310,6785.47824801401,0.000409767562513945,1.69351387019316,6.28035840947613,7.34738868944555,-0.715023350487429,0.141461570409805,-0.114382176524143,-0.436544223903549,0.88109845214212
311,6785.46421967579,0.000408902637048224,1.69351398493743,6.28035845164509,7.3526502667655,-0.719154692422873,0.16295933538413,-0.0687861909180699,-0.400380014667307,0.899115431301873
312,6785.45015385767,0.000408040173620856,1.69351410004745,6.28035849409705,7.35793418934835,-0.723308380068079,0.182200152770553,-0.0222141499597905,-0.362658605346633,0.91366753900967
313,6785.43605063661,0.00040718024607829,1.69351421552272,6.28035853683291,7.36324057141106,-0.727484527641236,0.199051245473203,0.0249983153316805,-0.32342369652104,0.924743639304867
314,6785.42191008996,0.000406322928868933,1.6935143313625,6.28035857985343,7.3685695258886,-0.731683248078527,0.213405369883207,0.0725067148099149,-0.282725538735127,0.932344997390675
315,6785.40773229477,0.000405468297052731,1.69351444756531,6.28035862315916,7.37392116479713,-0.735904653397357,0.225181554187207,0.119959840751693,-0.240621606648923,0.936484995434713
316,6785.39351732247,0.000404616425662252,1.69351456413061,6.28035866675094,7.37929560028551,-0.740148855747813,0.234325716842831,0.167001979997119,-0.197177263866228,0.937188841011972
317,6785.37926524584,0.00040376739046581,1.69351468105795,6.28035871062968,7.38469294290566,-0.744415965683007,0.240811159043692,0.213275199116725,-0.152466417229229,0.93449326735886
318,6785.36497613922,0.000402921267972501,1.69351479834695,6.28035875479629,7.39011330142384,-0.748706091970394,0.244638923805002,0.258421705867071,-0.106572158999987,0.928446225595411
319,6785.35065007814,0.000402078135365843,1.69351491599727,6.28035879925172,7.39555678279147,-0.753019341562587,0.245838012077462,0.302086290789842,-0.059587394253037,0.919106570089002
320,6785.33628713881,0.000401238070432787,1.69351503400863,6.28035884399694,7.40102349216456,-0.757355819616798,0.24446544422849,0.343918851551883,-0.0116154485785181,0.906543739418965
321,6785.32188739757,0.00040040115150357,1.6935151523808,6.28035888903292,7.40651353295683,-0.761715629547906,0.240606153827124,0.38357700357901,0.03722935103038,0.890837435499723
322,6785.30745093048,0.000399567457412661,1.69351527111358,6.28035893436065,7.41202700689945,-0.76609887308828,0.234372697580624,0.420728780174416,0.0868211323272865,0.872077303421627
323,6785.2929778132,0.000398737067497314,1.69351539020671,6.2803589799811,7.41756401406443,-0.770505650311101,0.225904763520135,0.455055422567034,0.137021985081917,0.850362614309602
324,6785.27846812161,0.000397910061700857,1.69351550965956,6.28035902589512,7.42312465268931,-0.774936059455109,0.215368457055589,0.486254259506429,0.187681537073361,0.825801951716712
325,6785.26392192863,0.000397086520234363,1.69351562947166,6.28035907210359,7.42870901996952,-0.779390197716904,0.202955341903686,0.514041671451725,0.238636620602917,0.798512900654143
326,6785.24933930657,0.000396266523889613,1.69351574964264,6.28035911860744,7.43431721150154,-0.783868160694164,0.188881211400343,0.538156129129824,0.289711055117575,0.768621736098196
327,6785.23472033168,0.000395450154488135,1.69351587017149,6.28035916540734,7.43994931999442,-0.788370041097133,0.173384564512738,0.558361289408557,0.34071557490382,0.736263105348014
328,6785.2200650815,0.000394637494352842,1.69351599105692,6.28035921250389,7.44560543521314,-0.792895928692014,0.156724760897878,0.57444912278036,0.391447933486766,0.701579696133888
329,6785.20537363007,0.000393828625882882,1.69351611229829,6.28035925989788,7.45128564540144,-0.797445911723721,0.139179830996198,0.586243036608942,0.441693217993423,0.664721880074675
330,6785.19064605175,0.000393023632079746,1.69351623389486,6.28035930759011,7.45699003650908,-0.802020076143209,0.121043920734443,0.59360094704506,0.491224406997326,0.625847319152657
331,6785.17588242173,0.000392222596627932,1.6935163558458,6.28035935558133,7.46271869206104,-0.806618505476655,0.102624356292525,0.59641824064037,0.539803203969164,0.585120521526648
332,6785.16108281653,0.000391425603972359,1.69351647815026,6.28035940387226,7.46847169299626,-0.811241280664174,0.0842383228123948,0.594630554847308,0.587181175155636,0.542712332414313
333,6785.14624731445,0.000390632739371718,1.6935166008074,6.28035945246364,7.47424911749569,-0.815888479887917,0.0662091619942036,0.588216295605461,0.633101215291819,0.498799346078396
334,6785.13137599571,0.000389844088910062,1.69351672381646,6.28035950135625,7.48005104083019,-0.820560178419913,0.048862307150844,0.577198801009882,0.677299356897953,0.45356322624114
335,6785.11646894229,0.000389059739455217,1.69351684717689,6.28035955055094,7.4858775352568,-0.825256448518366,0.0325208901719003,0.561648053625171,0.719506929007038,0.407189924571257
336,6785.10152623741,0.000388279778563325,1.69351697088832,6.28035960004862,7.49172866998526,-0.829977359394183,0.0175010724401965,0.541681841341089,0.759453059142329,0.359868790233509
337,6785.08654796464,0.000387504294341688,1.69351709495067,6.28035964985034,7.49760451122531,-0.834722977258232,0.00410717024773453,0.517466268676847,0.796867498514819,0.311791567790009
338,6785.07153420681,0.000386733375291899,1.69351721936409,6.28035969995723,7.50350512230114,-0.839493365435824,-0.00737333631119324,0.489215527863018,0.83148373521676,0.263151285916175
339,6785.05648504531,0.000385967110208567,1.69351734412883,6.28035975037048,7.5094305636942,-0.844288584409542,-0.0166748048899875,0.457190852400219,0.863042344347954,0.214141045168433
340,6785.04140055838,0.000385205587998135,1.69351746924482,6.28035980109112,7.51538089345262,-0.84910869222863,-0.023558322283265,0.421698595183064,0.891294508378524,0.164952719304997
341,6785.02628081795,0.000384448897366653,1.69351759471231,6.28035985212034,7.52135616802627,-0.853953745344078,-0.0278163545608096,0.383087398442895,0.916005626679944,0.115775590967551
342,6785.0111258939,0.000383697127293003,1.69351772053146,6.28035990345929,7.52735644111343,-0.858823797455266,-0.0292770195715666,0.341744452799629,0.936958921163687,0.0667949485924485
343,6784.99593585535,0.000382950367179867,1.69351784670226,6.28035995510904,7.53338176326872,-0.86371889911796,-0.0278078462724083,0.29809087664712,0.953958936340854,0.0181906767567306
344,6784.98071077186,0.000382208706982993,1.69351797322444,6.28036000707059,7.53943218151742,-0.868639097358544,-0.0233188933020445,0.252576282608241,0.966834828085725,-0.0298641236170817
345,6784.96545071458,0.000381472237322736,1.6935181000976,6.28036005934484,7.54550773894798,-0.873584435266608,-0.0157651140328092,0.205672633517343,0.975443336400397,-0.07720444594474
346,6784.95015575747,0.000380741049590248,1.69351822732105,6.2803601119326,7.55160847422227,-0.878554951505189,-0.00514787715720191,0.157867522937988,0.97967134434232,-0.123674579589782
347,6784.93482597809,0.000380015235949534,1.69351835489379,6.28036016483455,7.55773442110843,-0.88355067984357,0.0084844207996816,0.109657043490649,0.979437937488977,-0.169129163729742
348,6784.91946145502,0.000379294889052233,1.69351848281505,6.28036021805146,7.56388560907464,-0.888571649751099,0.0250366828273894,0.061538427056852,0.974695895773592,-0.213434058365773
349,6784.90406226895,0.000378580102158845,1.69351861108404,6.28036027158407,7.57006206291646,-0.893617886024461,0.0443683761666617,0.0140026532852781,0.965432571104222,-0.256467002845194
350,6784.8886285022,0.000377870969064441,1.69351873970003,6.28036032543318,7.57626380277779,-0.898689408808723,0.0662956976106036,-0.0324727751550819,0.951670128568049,-0.298118039949486
351,6784.8731602379,0.000377167584007303,1.69351886866232,6.28036037959958,7.58249084427168,-0.903786233718054,0.0905945700947148,-0.0774306994155855,0.933465154455062,-0.338289692535192
352,6784.85765755928,0.000376470041598579,1.69351899797025,6.28036043408408,7.58874319860678,-0.908908371962244,0.117004372999722,-0.120440639510625,0.910907659251651,-0.37689688957312
353,6784.84212054924,0.000375778436784404,1.69351912762314,6.28036048888748,7.59502087266847,-0.914055830427802,0.145232285986797,-0.161104448888794,0.884119526442669,-0.413866648351952
354,6784.82654929017,0.000375092864840664,1.69351925762035,6.28036054401059,7.60132386901767,-0.919228611676782,0.174958110759123,-0.19906117146652,0.853252476840772,-0.449137529337133
355,6784.81094386405,0.0003744134213911,1.69351938796118,6.28036059945422,7.60765218579717,-0.924426713853098,0.205839427199088,-0.233991019354405,0.818485632269936,-0.482658888698345
356,6784.79530435275,0.000373740202432824,1.69351951864495,6.28036065521914,7.61400581655884,-0.929650130509749,0.237516939843814,-0.265618426165848,0.780022771142548,-0.514389960504196
357,6784.7796308384,0.000373073304352364,1.69351964967094,6.28036071130616,7.6203847500457,-0.934898850390878,0.26961987702464,-0.293714166431191,0.738089371633573,-0.544298805650358
358,6784.76392340366,0.000372412823919263,1.69351978103847,6.28036076771606,7.6267889699711,-0.940172857210946,0.301771317123235,-0.318096564105598,0.692929536072627,-0.572361167536806
359,6784.74818213178,0.000371758858252381,1.69351991274686,6.28036082444965,7.63321845483619,-0.945472129472236,0.33359333274028,-0.33863184078213,0.644802883590994,-0.59855927532073
360,6784.73240710651,0.000371111504762268,1.6935200447955,6.28036088150774,7.63967317781005,-0.950796640344923,0.364711862541362,-0.355233676004689,0.593981487968549,-0.622880634395126
