frame,t_s,panel,host,area_m2,nu,cos_sun,sun_visible,e_direct_wm2,e_earth_wm2,e_other_wm2,e_total_wm2,p_w,e_earth_r_wm2,e_earth_g_wm2,e_earth_b_wm2
0,0.000000,wing_plus_x,deputy,17.750000,1.000000,1.000000,1.000000,1361.0000,15.9876,5.0627,1382.0503,7359.4180,15.9122,16.0114,16.0061
0,0.000000,wing_minus_x,deputy,17.750000,1.000000,1.000000,1.000000,1361.0000,5.9034,0.5152,1367.4186,7281.5043,5.8973,5.9048,5.9108
0,0.000000,aft_cell,deputy,1.000000,1.000000,-1.000000,0.000000,0.0000,57.9563,0.0000,57.9563,17.3869,57.9563,57.9563,57.9563
1,63.333333,wing_plus_x,deputy,17.750000,1.000000,1.000000,1.000000,1361.0000,15.0228,8.1468,1384.1697,7370.7034,14.9519,15.0447,15.0447
1,63.333333,wing_minus_x,deputy,17.750000,1.000000,1.000000,1.000000,1361.0000,5.7475,0.5448,1367.2923,7280.8315,5.7418,5.7489,5.7532
1,63.333333,aft_cell,deputy,1.000000,1.000000,-1.000000,0.000000,0.0000,52.1505,0.0000,52.1505,15.6452,52.1505,52.1505,52.1505
2,126.666667,wing_plus_x,deputy,17.750000,1.000000,1.000000,1.000000,1361.0000,15.8365,5.1482,1381.9848,7359.0689,15.7666,15.8579,15.8604
2,126.666667,wing_minus_x,deputy,17.750000,1.000000,1.000000,1.000000,1361.0000,6.5149,0.4610,1367.9758,7284.4713,6.5094,6.5160,6.5232
2,126.666667,aft_cell,deputy,1.000000,1.000000,-1.000000,0.000000,0.0000,43.9942,0.0000,43.9942,13.1982,43.9942,43.9942,43.9942
3,190.000000,wing_plus_x,deputy,17.750000,1.000000,1.000000,1.000000,1361.0002,17.1955,6.5972,1384.7929,7374.0220,17.1396,17.2190,17.1477
3,190.000000,wing_minus_x,deputy,17.750000,1.000000,1.000000,1.000000,1361.0002,6.6668,1.9997,1369.6667,7293.4750,6.6636,6.6676,6.6689
3,190.000000,aft_cell,deputy,1.000000,1.000000,-1.000000,0.000000,0.0000,32.5906,0.0000,32.5906,9.7772,32.5906,32.5906,32.5906
4,253.333333,wing_plus_x,deputy,17.750000,1.000000,1.000000,1.000000,1361.0000,19.5203,2.7513,1383.2716,7365.9213,19.4569,19.5385,19.5547
4,253.333333,wing_minus_x,deputy,17.750000,1.000000,1.000000,1.000000,1361.0000,8.1787,3.1099,1372.2885,7307.4365,8.1781,8.1793,8.1736
4,253.333333,aft_cell,deputy,1.000000,1.000000,-1.000000,0.000000,0.0000,19.7724,0.0000,19.7724,5.9317,19.7724,19.7724,19.7724
5,316.666667,wing_plus_x,deputy,17.750000,1.000000,1.000000,1.000000,1361.0000,19.5202,0.6324,1381.1526,7354.6377,19.4765,19.5365,19.5034
5,316.666667,wing_minus_x,deputy,17.750000,1.000000,1.000000,1.000000,1361.0000,8.5633,8.8338,1378.3971,7339.9646,8.5605,8.5639,8.5669
5,316.666667,aft_cell,deputy,1.000000,1.000000,-1.000000,0.000000,0.0000,11.4844,0.0000,11.4844,3.4453,11.4844,11.4844,11.4844
6,380.000000,wing_plus_x,deputy,17.750000,1.000000,1.000000,1.000000,1361.0002,17.2122,0.5528,1378.7652,7341.9245,17.1768,17.2231,17.2235
6,380.000000,wing_minus_x,deputy,17.750000,1.000000,1.000000,1.000000,1361.0002,7.4971,8.2787,1376.7760,7331.3320,7.4957,7.4976,7.4976
6,380.000000,aft_cell,deputy,1.000000,1.000000,-1.000000,0.000000,0.0000,4.9912,0.0000,4.9912,1.4974,4.9912,4.9912,4.9912
7,443.333333,wing_plus_x,deputy,17.750000,1.000000,1.000000,1.000000,1360.9999,13.9188,0.5282,1375.4470,7324.2551,13.8967,13.9258,13.9243
7,443.333333,wing_minus_x,deputy,17.750000,1.000000,1.000000,1.000000,1360.9999,6.5844,7.2456,1374.8299,7320.9695,6.5835,6.5847,6.5853
7,443.333333,aft_cell,deputy,1.000000,1.000000,-1.000000,0.000000,0.0000,1.5618,0.0000,1.5618,0.4686,1.5618,1.5618,1.5618
8,506.666667,wing_plus_x,deputy,17.750000,1.000000,1.000000,1.000000,1361.0002,9.4164,0.4542,1370.8708,7299.8870,9.3998,9.4201,9.4369
8,506.666667,wing_minus_x,deputy,17.750000,1.000000,1.000000,1.000000,1361.0002,5.0290,8.0053,1374.0345,7316.7336,5.0273,5.0291,5.0340
8,506.666667,aft_cell,deputy,1.000000,1.000000,-1.000000,0.000000,0.0000,0.0465,0.0000,0.0465,0.0140,0.0465,0.0465,0.0465
9,570.000000,wing_plus_x,deputy,17.750000,1.000000,1.000000,1.000000,1361.0000,5.0667,0.5194,1366.5861,7277.0707,5.0603,5.0679,5.0769
9,570.000000,wing_minus_x,deputy,17.750000,1.000000,1.000000,1.000000,1361.0000,3.2031,10.0360,1374.2390,7317.8228,3.2024,3.2030,3.2055
9,570.000000,aft_cell,deputy,1.000000,1.000000,-1.000000,0.000000,0.0000,0.0000,0.0000,0.0000,0.0000,0.0000,0.0000,0.0000
10,633.333333,wing_plus_x,deputy,17.750000,1.000000,1.000000,1.000000,1361.0000,2.2566,0.5266,1363.7832,7262.1458,2.2543,2.2570,2.2614
10,633.333333,wing_minus_x,deputy,17.750000,1.000000,1.000000,1.000000,1361.0000,1.3873,7.0348,1369.4220,7292.1723,1.3871,1.3872,1.3881
10,633.333333,aft_cell,deputy,1.000000,1.000000,-1.000000,0.000000,0.0000,0.0000,0.0000,0.0000,0.0000,0.0000,0.0000,0.0000
11,696.666667,wing_plus_x,deputy,17.750000,1.000000,1.000000,1.000000,1360.9999,0.7977,0.5352,1362.3328,7254.4222,0.7968,0.7979,0.7991
11,696.666667,wing_minus_x,deputy,17.750000,1.000000,1.000000,1.000000,1360.9999,0.6868,9.5961,1371.2829,7302.0812,0.6867,0.6868,0.6872
11,696.666667,aft_cell,deputy,1.000000,1.000000,-1.000000,0.000000,0.0000,0.0000,0.0000,0.0000,0.0000,0.0000,0.0000,0.0000
12,760.000000,wing_plus_x,deputy,17.750000,1.000000,1.000000,1.000000,1361.0002,0.2426,0.5335,1361.7763,7251.4588,0.2424,0.2427,0.2426
12,760.000000,wing_minus_x,deputy,17.750000,1.000000,1.000000,1.000000,1361.0002,0.2037,8.2847,1369.4885,7292.5262,0.2037,0.2037,0.2037
12,760.000000,aft_cell,deputy,1.000000,1.000000,-1.000000,0.000000,0.0000,0.0000,0.0000,0.0000,0.0000,0.0000,0.0000,0.0000
13,823.333333,wing_plus_x,deputy,17.750000,1.000000,1.000000,1.000000,1361.0002,0.0450,0.4633,1361.5084,7250.0324,0.0450,0.0450,0.0450
13,823.333333,wing_minus_x,deputy,17.750000,1.000000,1.000000,1.000000,1361.0002,0.0387,9.1121,1370.1510,7296.0541,0.0387,0.0387,0.0387
13,823.333333,aft_cell,deputy,1.000000,1.000000,-1.000000,0.000000,0.0000,0.0000,0.0000,0.0000,0.0000,0.0000,0.0000,0.0000
14,886.666667,wing_plus_x,deputy,17.750000,1.000000,1.000000,1.000000,1361.0000,0.0008,0.5112,1361.5120,7250.0516,0.0008,0.0008,0.0008
14,886.666667,wing_minus_x,deputy,17.750000,1.000000,1.000000,1.000000,1361.0000,0.0006,8.3218,1369.3224,7291.6417,0.0006,0.0006,0.0006
14,886.666667,aft_cell,deputy,1.000000,1.000000,-1.000000,0.000000,0.0000,0.0000,0.0000,0.0000,0.0000,0.0000,0.0000,0.0000
15,950.000000,wing_plus_x,deputy,17.750000,0.000000,1.000000,1.000000,0.0000,0.0000,0.0000,0.0000,0.0000,0.0000,0.0000,0.0000
15,950.000000,wing_minus_x,deputy,17.750000,0.000000,1.000000,1.000000,0.0000,0.0000,0.0000,0.0000,0.0000,0.0000,0.0000,0.0000
15,950.000000,aft_cell,deputy,1.000000,0.000000,-1.000000,0.000000,0.0000,0.0000,0.0000,0.0000,0.0000,0.0000,0.0000,0.0000
16,1013.333333,wing_plus_x,deputy,17.750000,0.000000,1.000000,1.000000,0.0000,0.0000,0.0000,0.0000,0.0000,0.0000,0.0000,0.0000
16,1013.333333,wing_minus_x,deputy,17.750000,0.000000,1.000000,1.000000,0.0000,0.0000,0.0000,0.0000,0.0000,0.0000,0.0000,0.0000
16,1013.333333,aft_cell,deputy,1.000000,0.000000,-1.000000,0.000000,0.0000,0.0000,0.0000,0.0000,0.0000,0.0000,0.0000,0.0000
17,1076.666667,wing_plus_x,deputy,17.750000,0.000000,1.000000,1.000000,0.0000,0.0000,0.0000,0.0000,0.0000,0.0000,0.0000,0.0000
17,1076.666667,wing_minus_x,deputy,17.750000,0.000000,1.000000,1.000000,0.0000,0.0000,0.0000,0.0000,0.0000,0.0000,0.0000,0.0000
17,1076.666667,aft_cell,deputy,1.000000,0.000000,-1.000000,0.000000,0.0000,0.0000,0.0000,0.0000,0.0000,0.0000,0.0000,0.0000
18,1140.000000,wing_plus_x,deputy,17.750000,0.000000,1.000000,1.000000,0.0000,0.0000,0.0000,0.0000,0.0000,0.0000,0.0000,0.0000
18,1140.000000,wing_minus_x,deputy,17.750000,0.000000,1.000000,1.000000,0.0000,0.0000,0.0000,0.0000,0.0000,0.0000,0.0000,0.0000
18,1140.000000,aft_cell,deputy,1.000000,0.000000,-1.000000,0.000000,0.0000,0.0000,0.0000,0.0000,0.0000,0.0000,0.0000,0.0000
19,1203.333333,wing_plus_x,deputy,17.750000,0.000000,1.000000,1.000000,0.0000,0.0000,0.0000,0.0000,0.0000,0.0000,0.0000,0.0000
19,1203.333333,wing_minus_x,deputy,17.750000,0.000000,1.000000,1.000000,0.0000,0.0000,0.0000,0.0000,0.0000,0.0000,0.0000,0.0000
19,1203.333333,aft_cell,deputy,1.000000,0.000000,-1.000000,0.000000,0.0000,0.0000,0.0000,0.0000,0.0000,0.0000,0.0000,0.0000
20,1266.666667,wing_plus_x,deputy,17.750000,0.000000,1.000000,1.000000,0.0000,0.0000,0.0000,0.0000,0.0000,0.0000,0.0000,0.0000
20,1266.666667,wing_minus_x,deputy,17.750000,0.000000,1.000000,1.000000,0.0000,0.0000,0.0000,0.0000,0.0000,0.0000,0.0000,0.0000
20,1266.666667,aft_cell,deputy,1.000000,0.000000,-1.000000,0.000000,0.0000,0.0000,0.0000,0.0000,0.0000,0.0000,0.0000,0.0000
21,1330.000000,wing_plus_x,deputy,17.750000,0.000000,1.000000,1.000000,0.0000,0.0000,0.0000,0.0000,0.0000,0.0000,0.0000,0.0000
21,1330.000000,wing_minus_x,deputy,17.750000,0.000000,1.000000,1.000000,0.0000,0.0000,0.0000,0.0000,0.0000,0.0000,0.0000,0.0000
21,1330.000000,aft_cell,deputy,1.000000,0.000000,-1.000000,0.000000,0.0000,0.0000,0.0000,0.0000,0.0000,0.0000,0.0000,0.0000
22,1393.333333,wing_plus_x,deputy,17.750000,0.000000,1.000000,1.000000,0.0000,0.0000,0.0000,0.0000,0.0000,0.0000,0.0000,0.0000
22,1393.333333,wing_minus_x,deputy,17.750000,0.000000,1.000000,1.000000,0.0000,0.0000,0.0000,0.0000,0.0000,0.0000,0.0000,0.0000
22,1393.333333,aft_cell,deputy,1.000000,0.000000,-1.000000,0.000000,0.0000,0.0000,0.0000,0.0000,0.0000,0.0000,0.0000,0.0000
23,1456.666667,wing_plus_x,deputy,17.750000,0.000000,1.000000,1.000000,0.0000,0.0000,0.0000,0.0000,0.0000,0.0000,0.0000,0.0000
23,1456.666667,wing_minus_x,deputy,17.750000,0.000000,1.000000,1.000000,0.0000,0.0000,0.0000,0.0000,0.0000,0.0000,0.0000,0.0000
23,1456.666667,aft_cell,deputy,1.000000,0.000000,-1.000000,0.000000,0.0000,0.0000,0.0000,0.0000,0.0000,0.0000,0.0000,0.0000
24,1520.000000,wing_plus_x,deputy,17.750000,0.000000,1.000000,1.000000,0.0000,0.0000,0.0000,0.0000,0.0000,0.0000,0.0000,0.0000
24,1520.000000,wing_minus_x,deputy,17.750000,0.000000,1.000000,1.000000,0.0000,0.0000,0.0000,0.0000,0.0000,0.0000,0.0000,0.0000
24,1520.000000,aft_cell,deputy,1.000000,0.000000,-1.000000,0.000000,0.0000,0.0000,0.0000,0.0000,0.0000,0.0000,0.0000,0.0000
25,1583.333333,wing_plus_x,deputy,17.750000,0.000000,1.000000,1.000000,0.0000,0.0000,0.0000,0.0000,0.0000,0.0000,0.0000,0.0000
25,1583.333333,wing_minus_x,deputy,17.750000,0.000000,1.000000,1.000000,0.0000,0.0000,0.0000,0.0000,0.0000,0.0000,0.0000,0.0000
25,1583.333333,aft_cell,deputy,1.000000,0.000000,-1.000000,0.000000,0.0000,0.0000,0.0000,0.0000,0.0000,0.0000,0.0000,0.0000
26,1646.666667,wing_plus_x,deputy,17.750000,0.000000,1.000000,1.000000,0.0000,0.0000,0.0000,0.0000,0.0000,0.0000,0.0000,0.0000
26,1646.666667,wing_minus_x,deputy,17.750000,0.000000,1.000000,1.000000,0.0000,0.0000,0.0000,0.0000,0.0000,0.0000,0.0000,0.0000
26,1646.666667,aft_cell,deputy,1.000000,0.000000,-1.000000,0.000000,0.0000,0.0000,0.0000,0.0000,0.0000,0.0000,0.0000,0.0000
27,1710.000000,wing_plus_x,deputy,17.750000,0.000000,1.000000,1.000000,0.0000,0.0000,0.0000,0.0000,0.0000,0.0000,0.0000,0.0000
27,1710.000000,wing_minus_x,deputy,17.750000,0.000000,1.000000,1.000000,0.0000,0.0000,0.0000,0.0000,0.0000,0.0000,0.0000,0.0000
27,1710.000000,aft_cell,deputy,1.000000,0.000000,-1.000000,0.000000,0.0000,0.0000,0.0000,0.0000,0.0000,0.0000,0.0000,0.0000
28,1773.333333,wing_plus_x,deputy,17.750000,0.000000,1.000000,1.000000,0.0000,0.0000,0.0000,0.0000,0.0000,0.0000,0.0000,0.0000
28,1773.333333,wing_minus_x,deputy,17.750000,0.000000,1.000000,1.000000,0.0000,0.0000,0.0000,0.0000,0.0000,0.0000,0.0000,0.0000
28,1773.333333,aft_cell,deputy,1.000000,0.000000,-1.000000,0.000000,0.0000,0.0000,0.0000,0.0000,0.0000,0.0000,0.0000,0.0000
29,1836.666667,wing_plus_x,deputy,17.750000,0.000000,1.000000,1.000000,0.0000,0.0000,0.0000,0.0000,0.0000,0.0000,0.0000,0.0000
29,1836.666667,wing_minus_x,deputy,17.750000,0.000000,1.000000,1.000000,0.0000,0.0000,0.0000,0.0000,0.0000,0.0000,0.0000,0.0000
29,1836.666667,aft_cell,deputy,1.000000,0.000000,-1.000000,0.000000,0.0000,0.0000,0.0000,0.0000,0.0000,0.0000,0.0000,0.0000
30,1900.000000,wing_plus_x,deputy,17.750000,0.000000,1.000000,1.000000,0.0000,0.0000,0.0000,0.0000,0.0000,0.0000,0.0000,0.0000
30,1900.000000,wing_minus_x,deputy,17.750000,0.000000,1.000000,1.000000,0.0000,0.0000,0.0000,0.0000,0.0000,0.0000,0.0000,0.0000
30,1900.000000,aft_cell,deputy,1.000000,0.000000,-1.000000,0.000000,0.0000,0.0000,0.0000,0.0000,0.0000,0.0000,0.0000,0.0000
31,1963.333333,wing_plus_x,deputy,17.750000,0.000000,1.000000,1.000000,0.0000,0.0000,0.0000,0.0000,0.0000,0.0000,0.0000,0.0000
31,1963.333333,wing_minus_x,deputy,17.750000,0.000000,1.000000,1.000000,0.0000,0.0000,0.0000,0.0000,0.0000,0.0000,0.0000,0.0000
31,1963.333333,aft_cell,deputy,1.000000,0.000000,-1.000000,0.000000,0.0000,0.0000,0.0000,0.0000,0.0000,0.0000,0.0000,0.0000
32,2026.666667,wing_plus_x,deputy,17.750000,0.000000,1.000000,1.000000,0.0000,0.0000,0.0000,0.0000,0.0000,0.0000,0.0000,0.0000
32,2026.666667,wing_minus_x,deputy,17.750000,0.000000,1.000000,1.000000,0.0000,0.0000,0.0000,0.0000,0.0000,0.0000,0.0000,0.0000
32,2026.666667,aft_cell,deputy,1.000000,0.000000,-1.000000,0.000000,0.0000,0.0000,0.0000,0.0000,0.0000,0.0000,0.0000,0.0000
33,2090.000000,wing_plus_x,deputy,17.750000,0.000000,1.000000,1.000000,0.0000,0.0000,0.0000,0.0000,0.0000,0.0000,0.0000,0.0000
33,2090.000000,wing_minus_x,deputy,17.750000,0.000000,1.000000,1.000000,0.0000,0.0000,0.0000,0.0000,0.0000,0.0000,0.0000,0.0000
33,2090.000000,aft_cell,deputy,1.000000,0.000000,-1.000000,0.000000,0.0000,0.0000,0.0000,0.0000,0.0000,0.0000,0.0000,0.0000
34,2153.333333,wing_plus_x,deputy,17.750000,0.000000,1.000000,1.000000,0.0000,0.0000,0.0000,0.0000,0.0000,0.0000,0.0000,0.0000
34,2153.333333,wing_minus_x,deputy,17.750000,0.000000,1.000000,1.000000,0.0000,0.0000,0.0000,0.0000,0.0000,0.0000,0.0000,0.0000
34,2153.333333,aft_cell,deputy,1.000000,0.000000,-1.000000,0.000000,0.0000,0.0000,0.0000,0.0000,0.0000,0.0000,0.0000,0.0000
35,2216.666667,wing_plus_x,deputy,17.750000,0.000000,1.000000,1.000000,0.0000,0.0000,0.0000,0.0000,0.0000,0.0000,0.0000,0.0000
35,2216.666667,wing_minus_x,deputy,17.750000,0.000000,1.000000,1.000000,0.0000,0.0000,0.0000,0.0000,0.0000,0.0000,0.0000,0.0000
35,2216.666667,aft_cell,deputy,1.000000,0.000000,-1.000000,0.000000,0.0000,0.0000,0.0000,0.0000,0.0000,0.0000,0.0000,0.0000
36,2280.000000,wing_plus_x,deputy,17.750000,0.000000,1.000000,1.000000,0.0000,0.0000,0.0000,0.0000,0.0000,0.0000,0.0000,0.0000
36,2280.000000,wing_minus_x,deputy,17.750000,0.000000,1.000000,1.000000,0.0000,0.0000,0.0000,0.0000,0.0000,0.0000,0.0000,0.0000
36,2280.000000,aft_cell,deputy,1.000000,0.000000,-1.000000,0.000000,0.0000,0.0000,0.0000,0.0000,0.0000,0.0000,0.0000,0.0000
37,2343.333333,wing_plus_x,deputy,17.750000,0.000000,1.000000,1.000000,0.0000,0.0000,0.0000,0.0000,0.0000,0.0000,0.0000,0.0000
37,2343.333333,wing_minus_x,deputy,17.750000,0.000000,1.000000,1.000000,0.0000,0.0000,0.0000,0.0000,0.0000,0.0000,0.0000,0.0000
37,2343.333333,aft_cell,deputy,1.000000,0.000000,-1.000000,0.000000,0.0000,0.0000,0.0000,0.0000,0.0000,0.0000,0.0000,0.0000
38,2406.666667,wing_plus_x,deputy,17.750000,0.000000,1.000000,1.000000,0.0000,0.0000,0.0000,0.0000,0.0000,0.0000,0.0000,0.0000
38,2406.666667,wing_minus_x,deputy,17.750000,0.000000,1.000000,1.000000,0.0000,0.0000,0.0000,0.0000,0.0000,0.0000,0.0000,0.0000
38,2406.666667,aft_cell,deputy,1.000000,0.000000,-1.000000,0.000000,0.0000,0.0000,0.0000,0.0000,0.0000,0.0000,0.0000,0.0000
39,2470.000000,wing_plus_x,deputy,17.750000,0.000000,1.000000,1.000000,0.0000,0.0000,0.0000,0.0000,0.0000,0.0000,0.0000,0.0000
39,2470.000000,wing_minus_x,deputy,17.750000,0.000000,1.000000,1.000000,0.0000,0.0000,0.0000,0.0000,0.0000,0.0000,0.0000,0.0000
39,2470.000000,aft_cell,deputy,1.000000,0.000000,-1.000000,0.000000,0.0000,0.0000,0.0000,0.0000,0.0000,0.0000,0.0000,0.0000
40,2533.333333,wing_plus_x,deputy,17.750000,0.000000,1.000000,1.000000,0.0000,0.0000,0.0000,0.0000,0.0000,0.0000,0.0000,0.0000
40,2533.333333,wing_minus_x,deputy,17.750000,0.000000,1.000000,1.000000,0.0000,0.0000,0.0000,0.0000,0.0000,0.0000,0.0000,0.0000
40,2533.333333,aft_cell,deputy,1.000000,0.000000,-1.000000,0.000000,0.0000,0.0000,0.0000,0.0000,0.0000,0.0000,0.0000,0.0000
41,2596.666667,wing_plus_x,deputy,17.750000,0.000000,1.000000,1.000000,0.0000,0.0000,0.0000,0.0000,0.0000,0.0000,0.0000,0.0000
41,2596.666667,wing_minus_x,deputy,17.750000,0.000000,1.000000,1.000000,0.0000,0.0000,0.0000,0.0000,0.0000,0.0000,0.0000,0.0000
41,2596.666667,aft_cell,deputy,1.000000,0.000000,-1.000000,0.000000,0.0000,0.0000,0.0000,0.0000,0.0000,0.0000,0.0000,0.0000
42,2660.000000,wing_plus_x,deputy,17.750000,0.000000,1.000000,1.000000,0.0000,0.0000,0.0000,0.0000,0.0000,0.0000,0.0000,0.0000
42,2660.000000,wing_minus_x,deputy,17.750000,0.000000,1.000000,1.000000,0.0000,0.0000,0.0000,0.0000,0.0000,0.0000,0.0000,0.0000
42,2660.000000,aft_cell,deputy,1.000000,0.000000,-1.000000,0.000000,0.0000,0.0000,0.0000,0.0000,0.0000,0.0000,0.0000,0.0000
43,2723.333333,wing_plus_x,deputy,17.750000,0.000000,1.000000,1.000000,0.0000,0.0000,0.0000,0.0000,0.0000,0.0000,0.0000,0.0000
43,2723.333333,wing_minus_x,deputy,17.750000,0.000000,1.000000,1.000000,0.0000,0.0000,0.0000,0.0000,0.0000,0.0000,0.0000,0.0000
43,2723.333333,aft_cell,deputy,1.000000,0.000000,-1.000000,0.000000,0.0000,0.0000,0.0000,0.0000,0.0000,0.0000,0.0000,0.0000
44,2786.666667,wing_plus_x,deputy,17.750000,0.000000,1.000000,1.000000,0.0000,0.0000,0.0000,0.0000,0.0000,0.0000,0.0000,0.0000
44,2786.666667,wing_minus_x,deputy,17.750000,0.000000,1.000000,1.000000,0.0000,0.0000,0.0000,0.0000,0.0000,0.0000,0.0000,0.0000
44,2786.666667,aft_cell,deputy,1.000000,0.000000,-1.000000,0.000000,0.0000,0.0000,0.0000,0.0000,0.0000,0.0000,0.0000,0.0000
45,2850.000000,wing_plus_x,deputy,17.750000,0.000000,1.000000,1.000000,0.0000,0.0000,0.0000,0.0000,0.0000,0.0000,0.0000,0.0000
45,2850.000000,wing_minus_x,deputy,17.750000,0.000000,1.000000,1.000000,0.0000,0.0000,0.0000,0.0000,0.0000,0.0000,0.0000,0.0000
45,2850.000000,aft_cell,deputy,1.000000,0.000000,-1.000000,0.000000,0.0000,0.0000,0.0000,0.0000,0.0000,0.0000,0.0000,0.0000
46,2913.333333,wing_plus_x,deputy,17.750000,0.000000,1.000000,1.000000,0.0000,0.0000,0.0000,0.0000,0.0000,0.0000,0.0000,0.0000
46,2913.333333,wing_minus_x,deputy,17.750000,0.000000,1.000000,1.000000,0.0000,0.0000,0.0000,0.0000,0.0000,0.0000,0.0000,0.0000
46,2913.333333,aft_cell,deputy,1.000000,0.000000,-1.000000,0.000000,0.0000,0.0000,0.0000,0.0000,0.0000,0.0000,0.0000,0.0000
47,2976.666667,wing_plus_x,deputy,17.750000,0.000000,1.000000,1.000000,0.0000,0.0000,0.0000,0.0000,0.0000,0.0000,0.0000,0.0000
47,2976.666667,wing_minus_x,deputy,17.750000,0.000000,1.000000,1.000000,0.0000,0.0000,0.0000,0.0000,0.0000,0.0000,0.0000,0.0000
47,2976.666667,aft_cell,deputy,1.000000,0.000000,-1.000000,0.000000,0.0000,0.0000,0.0000,0.0000,0.0000,0.0000,0.0000,0.0000
48,3040.000000,wing_plus_x,deputy,17.750000,1.000000,1.000000,1.000000,1360.9998,0.0026,0.4794,1361.4817,7249.8903,0.0026,0.0026,0.0026
48,3040.000000,wing_minus_x,deputy,17.750000,1.000000,1.000000,1.000000,1360.9998,0.0015,6.3159,1367.3172,7280.9643,0.0015,0.0015,0.0015
48,3040.000000,aft_cell,deputy,1.000000,1.000000,-1.000000,0.000000,0.0000,0.0000,0.0000,0.0000,0.0000,0.0000,0.0000,0.0000
49,3103.333333,wing_plus_x,deputy,17.750000,1.000000,1.000000,1.000000,1360.9997,0.0407,0.4805,1361.5209,7250.0990,0.0407,0.0407,0.0408
49,3103.333333,wing_minus_x,deputy,17.750000,1.000000,1.000000,1.000000,1360.9997,0.0420,8.7013,1369.7430,7293.8813,0.0420,0.0420,0.0419
49,3103.333333,aft_cell,deputy,1.000000,1.000000,-1.000000,0.000000,0.0000,0.0000,0.0000,0.0000,0.0000,0.0000,0.0000,0.0000
50,3166.666667,wing_plus_x,deputy,17.750000,1.000000,1.000000,1.000000,1360.9998,0.2140,0.5278,1361.7416,7251.2740,0.2140,0.2140,0.2141
50,3166.666667,wing_minus_x,deputy,17.750000,1.000000,1.000000,1.000000,1360.9998,0.2337,9.1860,1370.4194,7297.4834,0.2335,0.2337,0.2342
50,3166.666667,aft_cell,deputy,1.000000,1.000000,-1.000000,0.000000,0.0000,0.0000,0.0000,0.0000,0.0000,0.0000,0.0000,0.0000
51,3230.000000,wing_plus_x,deputy,17.750000,1.000000,1.000000,1.000000,1360.9997,0.7043,0.4777,1362.1817,7253.6173,0.7041,0.7043,0.7047
51,3230.000000,wing_minus_x,deputy,17.750000,1.000000,1.000000,1.000000,1360.9997,0.8136,8.0548,1369.8681,7294.5476,0.8133,0.8137,0.8144
51,3230.000000,aft_cell,deputy,1.000000,1.000000,-1.000000,0.000000,0.0000,0.0000,0.0000,0.0000,0.0000,0.0000,0.0000,0.0000
52,3293.333333,wing_plus_x,deputy,17.750000,1.000000,1.000000,1.000000,1360.9996,1.6229,0.7533,1363.3758,7259.9760,1.6226,1.6230,1.6234
52,3293.333333,wing_minus_x,deputy,17.750000,1.000000,1.000000,1.000000,1360.9996,2.4759,8.0231,1371.4987,7303.2304,2.4737,2.4766,2.4768
52,3293.333333,aft_cell,deputy,1.000000,1.000000,-1.000000,0.000000,0.0000,0.0000,0.0000,0.0000,0.0000,0.0000,0.0000,0.0000
53,3356.666667,wing_plus_x,deputy,17.750000,1.000000,1.000000,1.000000,1360.9997,3.1586,0.5922,1364.7504,7267.2959,3.1580,3.1586,3.1598
53,3356.666667,wing_minus_x,deputy,17.750000,1.000000,1.000000,1.000000,1360.9997,6.1368,7.3441,1374.4806,7319.1093,6.1317,6.1390,6.1318
53,3356.666667,aft_cell,deputy,1.000000,1.000000,-1.000000,0.000000,0.0000,0.0000,0.0000,0.0000,0.0000,0.0000,0.0000,0.0000
54,3420.000000,wing_plus_x,deputy,17.750000,1.000000,1.000000,1.000000,1360.9996,5.6682,0.5357,1367.2034,7280.3583,5.6668,5.6683,5.6714
54,3420.000000,wing_minus_x,deputy,17.750000,1.000000,1.000000,1.000000,1360.9996,10.7127,5.2088,1376.9211,7332.1048,10.7043,10.7174,10.6922
54,3420.000000,aft_cell,deputy,1.000000,1.000000,-1.000000,0.000000,0.0000,0.1503,0.0000,0.1503,0.0451,0.1503,0.1503,0.1503
55,3483.333333,wing_plus_x,deputy,17.750000,1.000000,1.000000,1.000000,1360.9997,7.9817,0.6610,1369.6423,7293.3452,7.9798,7.9819,7.9860
55,3483.333333,wing_minus_x,deputy,17.750000,1.000000,1.000000,1.000000,1360.9997,15.7031,6.0733,1382.7761,7363.2827,15.6754,15.7107,15.7228
55,3483.333333,aft_cell,deputy,1.000000,1.000000,-1.000000,0.000000,0.0000,2.5245,0.0000,2.5245,0.7574,2.5245,2.5245,2.5245
56,3546.666667,wing_plus_x,deputy,17.750000,1.000000,1.000000,1.000000,1360.9996,10.4233,0.6695,1372.0924,7306.3921,10.4213,10.4239,10.4254
56,3546.666667,wing_minus_x,deputy,17.750000,1.000000,1.000000,1.000000,1360.9996,21.0348,7.4056,1389.4400,7398.7678,20.9939,21.0453,21.0697
56,3546.666667,aft_cell,deputy,1.000000,1.000000,-1.000000,0.000000,0.0000,7.5082,0.0000,7.5082,2.2524,7.5082,7.5082,7.5082
57,3610.000000,wing_plus_x,deputy,17.750000,1.000000,1.000000,1.000000,1360.9996,12.2731,0.5718,1373.8445,7315.7219,12.2693,12.2742,12.2741
57,3610.000000,wing_minus_x,deputy,17.750000,1.000000,1.000000,1.000000,1360.9996,24.2589,6.9243,1392.1828,7413.3733,24.2067,24.2769,24.2545
57,3610.000000,aft_cell,deputy,1.000000,1.000000,-1.000000,0.000000,0.0000,15.8031,0.0000,15.8031,4.7409,15.8031,15.8031,15.8031
58,3673.333333,wing_plus_x,deputy,17.750000,1.000000,1.000000,1.000000,1360.9997,12.6712,0.5469,1374.2178,7317.7097,12.6678,12.6731,12.6632
58,3673.333333,wing_minus_x,deputy,17.750000,1.000000,1.000000,1.000000,1360.9997,25.3488,10.6820,1397.0305,7439.1873,25.2855,25.3670,25.3827
58,3673.333333,aft_cell,deputy,1.000000,1.000000,-1.000000,0.000000,0.0000,29.0640,0.0000,29.0640,8.7192,29.0640,29.0640,29.0640
59,3736.666667,wing_plus_x,deputy,17.750000,1.000000,1.000000,1.000000,1360.9995,13.2101,0.6321,1374.8417,7321.0321,13.1999,13.2117,13.2295
59,3736.666667,wing_minus_x,deputy,17.750000,1.000000,1.000000,1.000000,1360.9995,25.9472,11.3862,1398.3328,7446.1224,25.8591,25.9735,25.9832
59,3736.666667,aft_cell,deputy,1.000000,1.000000,-1.000000,0.000000,0.0000,43.2244,0.0000,43.2244,12.9673,43.2244,43.2244,43.2244
60,3800.000000,wing_plus_x,deputy,17.750000,1.000000,1.000000,1.000000,1360.9996,12.5798,0.5727,1374.1521,7317.3598,12.5691,12.5821,12.5930
60,3800.000000,wing_minus_x,deputy,17.750000,1.000000,1.000000,1.000000,1360.9996,26.1861,9.4769,1396.6626,7437.2283,26.0987,26.2137,26.2067
60,3800.000000,aft_cell,deputy,1.000000,1.000000,-1.000000,0.000000,0.0000,57.1109,0.0000,57.1109,17.1333,57.1109,57.1109,57.1109
61,3863.333333,wing_plus_x,deputy,17.750000,1.000000,1.000000,1.000000,1360.9995,11.5578,0.5623,1373.1196,7311.8617,11.5462,11.5622,11.5517
61,3863.333333,wing_minus_x,deputy,17.750000,1.000000,1.000000,1.000000,1360.9995,22.3419,9.3610,1392.7023,7416.1400,22.2295,22.3681,22.4656
61,3863.333333,aft_cell,deputy,1.000000,1.000000,-1.000000,0.000000,0.0000,77.0703,0.0000,77.0703,23.1211,77.0703,77.0703,77.0703
62,3926.666667,wing_plus_x,deputy,17.750000,1.000000,1.000000,1.000000,1360.9995,10.4910,0.5271,1372.0176,7305.9939,10.4820,10.4977,10.4525
62,3926.666667,wing_minus_x,deputy,17.750000,1.000000,1.000000,1.000000,1360.9995,19.1216,6.9527,1387.0738,7386.1680,19.0027,19.1501,19.2460
62,3926.666667,aft_cell,deputy,1.000000,1.000000,-1.000000,0.000000,0.0000,104.2843,0.0000,104.2843,31.2853,104.2843,104.2842,104.2843
63,3990.000000,wing_plus_x,deputy,17.750000,1.000000,1.000000,1.000000,1360.9995,9.6277,0.4549,1371.0821,7301.0120,9.6105,9.6323,9.6401
63,3990.000000,wing_minus_x,deputy,17.750000,1.000000,1.000000,1.000000,1360.9995,17.6927,6.5756,1385.2678,7376.5512,17.5807,17.7259,17.7413
63,3990.000000,aft_cell,deputy,1.000000,1.000000,-1.000000,0.000000,0.0000,116.4448,0.0000,116.4448,34.9334,116.4448,116.4448,116.4448
64,4053.333333,wing_plus_x,deputy,17.750000,1.000000,1.000000,1.000000,1360.9995,9.2434,1.3013,1371.5442,7303.4727,9.2295,9.2509,9.2132
64,4053.333333,wing_minus_x,deputy,17.750000,1.000000,1.000000,1.000000,1360.9995,15.6757,6.1553,1382.8305,7363.5724,15.5762,15.7095,15.6734
64,4053.333333,aft_cell,deputy,1.000000,1.000000,-1.000000,0.000000,0.0000,128.7033,0.0000,128.7033,38.6110,128.7033,128.7033,128.7033
65,4116.666667,wing_plus_x,deputy,17.750000,1.000000,1.000000,1.000000,1360.9996,7.7376,0.4958,1369.2330,7291.1659,7.7119,7.7470,7.7298
65,4116.666667,wing_minus_x,deputy,17.750000,1.000000,1.000000,1.000000,1360.9996,14.9611,6.9280,1382.8887,7363.8823,14.8720,14.9924,14.9478
65,4116.666667,aft_cell,deputy,1.000000,1.000000,-1.000000,0.000000,0.0000,141.7706,0.0000,141.7706,42.5312,141.7706,141.7706,141.7706
66,4180.000000,wing_plus_x,deputy,17.750000,1.000000,1.000000,1.000000,1360.9995,7.8099,0.5408,1369.3501,7291.7894,7.7816,7.8250,7.7507
66,4180.000000,wing_minus_x,deputy,17.750000,1.000000,1.000000,1.000000,1360.9995,12.7845,6.2785,1380.0625,7348.8329,12.6997,12.8162,12.7523
66,4180.000000,aft_cell,deputy,1.000000,1.000000,-1.000000,0.000000,0.0000,149.2061,0.0000,149.2061,44.7618,149.2061,149.2061,149.2061
67,4243.333333,wing_plus_x,deputy,17.750000,1.000000,1.000000,1.000000,1360.9995,6.4578,0.4469,1367.9043,7284.0902,6.4240,6.4677,6.4742
67,4243.333333,wing_minus_x,deputy,17.750000,1.000000,1.000000,1.000000,1360.9995,10.1499,7.6523,1378.8018,7342.1193,10.0933,10.1829,10.0033
67,4243.333333,aft_cell,deputy,1.000000,1.000000,-1.000000,0.000000,0.0000,160.8632,0.0000,160.8632,48.2589,160.8631,160.8632,160.8632
68,4306.666667,wing_plus_x,deputy,17.750000,1.000000,1.000000,1.000000,1360.9994,4.9526,1.2054,1367.1573,7280.1129,4.9258,4.9671,4.8950
68,4306.666667,wing_minus_x,deputy,17.750000,1.000000,1.000000,1.000000,1360.9994,7.5869,6.2997,1374.8860,7321.2678,7.4924,7.6186,7.5896
68,4306.666667,aft_cell,deputy,1.000000,1.000000,-1.000000,0.000000,0.0000,166.4301,0.0000,166.4301,49.9290,166.4301,166.4301,166.4301
69,4370.000000,wing_plus_x,deputy,17.750000,1.000000,1.000000,1.000000,1360.9995,3.1963,0.4565,1364.6523,7266.7738,3.1528,3.2064,3.2456
69,4370.000000,wing_minus_x,deputy,17.750000,1.000000,1.000000,1.000000,1360.9995,5.0298,6.3139,1372.3432,7307.7276,4.9470,5.0710,4.8903
69,4370.000000,aft_cell,deputy,1.000000,1.000000,-1.000000,0.000000,0.0000,193.3723,0.0000,193.3723,58.0117,193.3723,193.3723,193.3723
70,4433.333333,wing_plus_x,deputy,17.750000,1.000000,1.000000,1.000000,1360.9995,2.6782,0.5118,1364.1895,7264.3090,2.6194,2.6921,2.7405
70,4433.333333,wing_minus_x,deputy,17.750000,1.000000,1.000000,1.000000,1360.9995,3.7358,7.3332,1372.0686,7306.2653,3.6542,3.7676,3.6921
70,4433.333333,aft_cell,deputy,1.000000,1.000000,-1.000000,0.000000,0.0000,231.8133,0.0000,231.8133,69.5440,231.8133,231.8133,231.8134
71,4496.666667,wing_plus_x,deputy,17.750000,1.000000,1.000000,1.000000,1360.9994,2.1499,0.6399,1363.7892,7262.1773,2.1193,2.1687,2.0599
71,4496.666667,wing_minus_x,deputy,17.750000,1.000000,1.000000,1.000000,1360.9994,2.9585,6.7581,1370.7161,7299.0630,2.8990,2.9906,2.8315
71,4496.666667,aft_cell,deputy,1.000000,1.000000,-1.000000,0.000000,0.0000,237.8070,0.0000,237.8070,71.3421,237.8070,237.8070,237.8070
72,4560.000000,wing_plus_x,deputy,17.750000,1.000000,1.000000,1.000000,1360.9994,1.8172,0.5295,1363.3460,7259.8175,1.7575,1.8347,1.8453
72,4560.000000,wing_minus_x,deputy,17.750000,1.000000,1.000000,1.000000,1360.9994,2.2528,9.1199,1372.3720,7307.8812,2.1893,2.2746,2.2487
72,4560.000000,aft_cell,deputy,1.000000,1.000000,-1.000000,0.000000,0.0000,232.3488,0.0000,232.3488,69.7047,232.3488,232.3488,232.3489
73,4623.333333,wing_plus_x,deputy,17.750000,1.000000,1.000000,1.000000,1360.9995,1.4106,0.5434,1362.9535,7257.7272,1.3730,1.4268,1.3738
73,4623.333333,wing_minus_x,deputy,17.750000,1.000000,1.000000,1.000000,1360.9995,2.0753,6.3151,1369.3899,7292.0013,2.0085,2.0979,2.0757
73,4623.333333,aft_cell,deputy,1.000000,1.000000,-1.000000,0.000000,0.0000,254.9043,0.0000,254.9043,76.4713,254.9043,254.9042,254.9043
74,4686.666667,wing_plus_x,deputy,17.750000,1.000000,1.000000,1.000000,1360.9995,1.5055,0.5750,1363.0800,7258.4009,1.4547,1.5205,1.5286
74,4686.666667,wing_minus_x,deputy,17.750000,1.000000,1.000000,1.000000,1360.9995,1.7799,8.2324,1371.0118,7300.6380,1.7306,1.8003,1.7395
74,4686.666667,aft_cell,deputy,1.000000,1.000000,-1.000000,0.000000,0.0000,273.2494,0.0000,273.2494,81.9748,273.2494,273.2494,273.2494
75,4750.000000,wing_plus_x,deputy,17.750000,1.000000,1.000000,1.000000,1360.9994,1.9302,0.4449,1363.3745,7259.9691,1.8684,1.9505,1.9361
75,4750.000000,wing_minus_x,deputy,17.750000,1.000000,1.000000,1.000000,1360.9994,1.9112,6.4258,1369.3364,7291.7163,1.8422,1.9304,1.9542
75,4750.000000,aft_cell,deputy,1.000000,1.000000,-1.000000,0.000000,0.0000,270.4673,0.0000,270.4673,81.1402,270.4673,270.4673,270.4673
76,4813.333333,wing_plus_x,deputy,17.750000,1.000000,0.999999,1.000000,1360.9993,1.9764,0.8730,1363.8487,7262.4942,1.9240,1.9995,1.9184
76,4813.333333,wing_minus_x,deputy,17.750000,1.000000,0.999999,1.000000,1360.9993,1.6335,6.1894,1368.8222,7288.9783,1.5909,1.6560,1.5477
76,4813.333333,aft_cell,deputy,1.000000,1.000000,-0.999999,0.000000,0.0000,277.9212,0.0000,277.9212,83.3764,277.9212,277.9212,277.9212
77,4876.666667,wing_plus_x,deputy,17.750000,1.000000,0.999999,1.000000,1360.9993,1.9295,0.3512,1363.2800,7259.4659,1.8639,1.9463,1.9865
77,4876.666667,wing_minus_x,deputy,17.750000,1.000000,0.999999,1.000000,1360.9993,1.4350,6.6192,1369.0534,7290.2094,1.3983,1.4509,1.3972
77,4876.666667,aft_cell,deputy,1.000000,1.000000,-0.999999,0.000000,0.0000,264.1140,0.0000,264.1140,79.2342,264.1140,264.1140,264.1140
78,4940.000000,wing_plus_x,deputy,17.750000,1.000000,1.000000,1.000000,1360.9994,2.1272,1.4058,1364.5323,7266.1346,2.0432,2.1487,2.2000
78,4940.000000,wing_minus_x,deputy,17.750000,1.000000,1.000000,1.000000,1360.9994,1.1916,6.3202,1368.5111,7287.3217,1.1560,1.2075,1.1512
78,4940.000000,aft_cell,deputy,1.000000,1.000000,-1.000000,0.000000,0.0000,233.1278,0.0000,233.1278,69.9383,233.1278,233.1278,233.1278
79,5003.333333,wing_plus_x,deputy,17.750000,1.000000,1.000000,1.000000,1360.9994,2.5145,0.3234,1363.8372,7262.4330,2.4454,2.5478,2.4080
79,5003.333333,wing_minus_x,deputy,17.750000,1.000000,1.000000,1.000000,1360.9994,1.0139,6.1882,1368.2014,7285.6727,0.9861,1.0247,0.9986
79,5003.333333,aft_cell,deputy,1.000000,1.000000,-1.000000,0.000000,0.0000,204.8410,0.0000,204.8410,61.4523,204.8410,204.8411,204.8410
80,5066.666667,wing_plus_x,deputy,17.750000,1.000000,1.000000,1.000000,1360.9994,2.5227,0.4760,1363.9981,7263.2898,2.4440,2.5465,2.5524
80,5066.666667,wing_minus_x,deputy,17.750000,1.000000,1.000000,1.000000,1360.9994,1.4163,6.1664,1368.5821,7287.6994,1.3838,1.4304,1.3823
80,5066.666667,aft_cell,deputy,1.000000,1.000000,-1.000000,0.000000,0.0000,200.4184,0.0000,200.4184,60.1255,200.4184,200.4184,200.4184
81,5130.000000,wing_plus_x,deputy,17.750000,1.000000,0.999999,1.000000,1360.9993,3.5985,0.7096,1365.3073,7270.2616,3.5202,3.6304,3.5402
81,5130.000000,wing_minus_x,deputy,17.750000,1.000000,0.999999,1.000000,1360.9993,1.5886,7.7851,1370.3729,7297.2356,1.5639,1.6015,1.5396
81,5130.000000,aft_cell,deputy,1.000000,1.000000,-0.999999,0.000000,0.0000,227.8226,0.0000,227.8226,68.3468,227.8226,227.8226,227.8226
82,5193.333333,wing_plus_x,deputy,17.750000,1.000000,0.999999,1.000000,1360.9992,4.4272,0.3336,1365.7600,7272.6719,4.3346,4.4609,4.4014
82,5193.333333,wing_minus_x,deputy,17.750000,1.000000,0.999999,1.000000,1360.9992,1.9939,6.7113,1369.7044,7293.6761,1.9566,2.0057,2.0031
82,5193.333333,aft_cell,deputy,1.000000,1.000000,-0.999999,0.000000,0.0000,251.5390,0.0000,251.5390,75.4617,251.5390,251.5390,251.5390
83,5256.666667,wing_plus_x,deputy,17.750000,1.000000,0.999999,1.000000,1360.9993,6.0963,0.5559,1367.6515,7282.7440,6.0154,6.1317,6.0101
83,5256.666667,wing_minus_x,deputy,17.750000,1.000000,0.999999,1.000000,1360.9993,2.2481,7.1588,1370.4062,7297.4132,2.2158,2.2666,2.1688
83,5256.666667,aft_cell,deputy,1.000000,1.000000,-0.999999,0.000000,0.0000,263.8076,0.0000,263.8076,79.1423,263.8076,263.8076,263.8075
84,5320.000000,wing_plus_x,deputy,17.750000,1.000000,0.999999,1.000000,1360.9992,8.1314,0.4237,1369.5542,7292.8763,7.9994,8.1718,8.1753
84,5320.000000,wing_minus_x,deputy,17.750000,1.000000,0.999999,1.000000,1360.9992,2.6092,9.5313,1373.1397,7311.9688,2.5769,2.6225,2.5837
84,5320.000000,aft_cell,deputy,1.000000,1.000000,-0.999999,0.000000,0.0000,249.2483,0.0000,249.2483,74.7745,249.2483,249.2483,249.2483
85,5383.333333,wing_plus_x,deputy,17.750000,1.000000,0.999999,1.000000,1360.9993,11.1811,0.3672,1372.5475,7308.8156,11.0601,11.2253,11.1463
85,5383.333333,wing_minus_x,deputy,17.750000,1.000000,0.999999,1.000000,1360.9993,3.4905,9.8008,1374.2906,7318.0974,3.4735,3.4979,3.4737
85,5383.333333,aft_cell,deputy,1.000000,1.000000,-0.999999,0.000000,0.0000,227.6135,0.0000,227.6135,68.2840,227.6135,227.6135,227.6135
86,5446.666667,wing_plus_x,deputy,17.750000,1.000000,0.999999,1.000000,1360.9992,14.7204,0.7957,1376.5153,7329.9440,14.5792,14.7607,14.7988
86,5446.666667,wing_minus_x,deputy,17.750000,1.000000,0.999999,1.000000,1360.9992,4.9290,8.5646,1374.4928,7319.1740,4.9134,4.9392,4.8765
86,5446.666667,aft_cell,deputy,1.000000,1.000000,-0.999999,0.000000,0.0000,196.3671,0.0000,196.3671,58.9101,196.3671,196.3671,196.3671
87,5510.000000,wing_plus_x,deputy,17.750000,1.000000,0.999999,1.000000,1360.9992,17.7232,0.3656,1379.0880,7343.6435,17.5985,17.7801,17.5667
87,5510.000000,wing_minus_x,deputy,17.750000,1.000000,0.999999,1.000000,1360.9992,5.7952,8.1029,1374.8973,7321.3280,5.7923,5.8030,5.7230
87,5510.000000,aft_cell,deputy,1.000000,1.000000,-0.999999,0.000000,0.0000,163.1372,0.0000,163.1372,48.9412,163.1372,163.1372,163.1372
88,5573.333333,wing_plus_x,deputy,17.750000,1.000000,0.999999,1.000000,1360.9993,19.0947,0.8755,1380.9695,7353.6623,18.9687,19.1480,18.9812
88,5573.333333,wing_minus_x,deputy,17.750000,1.000000,0.999999,1.000000,1360.9993,6.4279,8.7780,1376.2051,7328.2923,6.4120,6.4311,6.4513
88,5573.333333,aft_cell,deputy,1.000000,1.000000,-0.999999,0.000000,0.0000,161.2699,0.0000,161.2699,48.3810,161.2699,161.2699,161.2699
89,5636.666667,wing_plus_x,deputy,17.750000,1.000000,0.999999,1.000000,1360.9993,21.3863,0.4667,1382.8522,7363.6882,21.2606,21.4317,21.3549
89,5636.666667,wing_minus_x,deputy,17.750000,1.000000,0.999999,1.000000,1360.9993,7.5986,8.5599,1377.1578,7333.3651,7.5880,7.6035,7.5853
89,5636.666667,aft_cell,deputy,1.000000,1.000000,-0.999999,0.000000,0.0000,146.7546,0.0000,146.7546,44.0264,146.7546,146.7546,146.7546
